timestamp,BTC,KRW,JPY,WTI,GOLD,DXY
2026-06-02 06:15:00+00:00,70210.03125,1515.02001953125,159.7100067138672,91.25,4550.10009765625,99.09700012207031
2026-06-02 06:16:00+00:00,70264.75,1515.280029296875,159.70599365234375,91.18000030517578,4553.2001953125,99.0989990234375
2026-06-02 06:17:00+00:00,70229.046875,1515.280029296875,159.70199584960938,91.16000366210938,4552.7001953125,99.09300231933594
2026-06-02 06:18:00+00:00,70220.0078125,1515.550048828125,159.70199584960938,91.12999725341797,4551.7998046875,99.09500122070312
2026-06-02 06:19:00+00:00,70182.6328125,1516.47998046875,159.7100067138672,91.16999816894531,4550.39990234375,99.09500122070312
2026-06-02 06:20:00+00:00,70204.15625,1516.47998046875,159.71299743652344,91.18000030517578,4554.7001953125,99.09500122070312
2026-06-02 06:21:00+00:00,70195.0625,1516.280029296875,159.697998046875,91.16000366210938,4557.7998046875,99.08899688720703
2026-06-02 06:22:00+00:00,70212.4765625,1516.3800048828125,159.6999969482422,91.18000030517578,4560.2998046875,99.08799743652344
2026-06-02 06:23:00+00:00,70195.9921875,1516.780029296875,159.7050018310547,91.16999816894531,4560.2998046875,99.08799743652344
2026-06-02 06:24:00+00:00,70143.8671875,1516.6800537109375,159.70199584960938,91.18000030517578,4559.7001953125,99.08699798583984
2026-06-02 06:25:00+00:00,70175.9609375,1516.6800537109375,159.70599365234375,91.1500015258789,4557.2998046875,99.06999969482422
2026-06-02 06:26:00+00:00,70223.796875,1516.489990234375,159.69400024414062,91.23999786376953,4559.10009765625,99.06800079345703
2026-06-02 06:27:00+00:00,70200.4921875,1516.8599853515625,159.68800354003906,91.19999694824219,4560.7001953125,99.07099914550781
2026-06-02 06:28:00+00:00,70262.4765625,1516.5799560546875,159.69200134277344,91.16000366210938,4563.10009765625,99.072998046875
2026-06-02 06:29:00+00:00,70257.578125,1516.1800537109375,159.70199584960938,91.1500015258789,4563.10009765625,99.0719985961914
2026-06-02 06:30:00+00:00,70299.78125,1515.1800537109375,159.68899536132812,91.1500015258789,4565.5,99.06500244140625
2026-06-02 06:31:00+00:00,70306.1875,1515.469970703125,159.68499755859375,91.05999755859375,4566.60009765625,99.06300354003906
2026-06-02 06:32:00+00:00,70250.4609375,1514.97998046875,159.697998046875,91.12999725341797,4564.39990234375,99.06800079345703
2026-06-02 06:33:00+00:00,70209.9921875,1515.280029296875,159.68899536132812,91.13999938964844,4564.7998046875,99.0530014038086
2026-06-02 06:34:00+00:00,70254.0234375,1515.97998046875,159.68899536132812,91.11000061035156,4565.7001953125,99.0530014038086
2026-06-02 06:35:00+00:00,70211.3203125,1515.780029296875,159.68699645996094,91.08000183105469,4568.39990234375,99.06199645996094
2026-06-02 06:36:00+00:00,70189.078125,1516.47998046875,159.70399475097656,91.06999969482422,4566.0,99.05500030517578
2026-06-02 06:37:00+00:00,70207.171875,1516.3800048828125,159.718994140625,91.0999984741211,4565.5,99.06099700927734
2026-06-02 06:38:00+00:00,70197.6484375,1515.780029296875,159.70899963378906,91.16000366210938,4565.39990234375,99.0510025024414
2026-06-02 06:39:00+00:00,70213.2421875,1516.1800537109375,159.7100067138672,91.22000122070312,4564.0,99.05899810791016
2026-06-02 06:40:00+00:00,70193.4609375,1516.31005859375,159.7050018310547,91.20999908447266,4564.2998046875,99.05500030517578
2026-06-02 06:41:00+00:00,70214.75,1516.1800537109375,159.71099853515625,91.29000091552734,4563.0,99.06099700927734
2026-06-02 06:42:00+00:00,70226.0,1517.47998046875,159.7169952392578,91.38999938964844,4563.0,99.06600189208984
2026-06-02 06:43:00+00:00,70183.34375,1517.6300048828125,159.71800231933594,91.31999969482422,4562.2998046875,99.06300354003906
2026-06-02 06:44:00+00:00,70146.9296875,1518.3800048828125,159.73199462890625,91.44000244140625,4563.0,99.0780029296875
2026-06-02 06:45:00+00:00,70201.8984375,1518.239990234375,159.73599243164062,91.45999908447266,4565.7998046875,99.0770034790039
2026-06-02 06:46:00+00:00,70090.53125,1519.1800537109375,159.74200439453125,91.62000274658203,4562.60009765625,99.08000183105469
2026-06-02 06:47:00+00:00,70039.9765625,1518.8800048828125,159.7429962158203,91.54000091552734,4563.60009765625,99.0739974975586
2026-06-02 06:48:00+00:00,70044.0390625,1519.0400390625,159.7310028076172,91.54000091552734,4563.7998046875,99.072998046875
2026-06-02 06:49:00+00:00,70126.171875,1519.280029296875,159.71499633789062,91.58999633789062,4563.5,99.06999969482422
2026-06-02 06:50:00+00:00,70180.75,1519.6800537109375,159.71800231933594,91.62999725341797,4562.7998046875,99.07599639892578
2026-06-02 06:51:00+00:00,70203.0,1519.4300537109375,159.70599365234375,91.66000366210938,4564.0,99.0780029296875
2026-06-02 06:52:00+00:00,70179.1875,1519.280029296875,159.71099853515625,91.55999755859375,4563.60009765625,99.0739974975586
2026-06-02 06:53:00+00:00,70051.703125,1518.699951171875,159.70799255371094,91.63999938964844,4562.60009765625,99.07599639892578
2026-06-02 06:54:00+00:00,70063.46875,1518.5799560546875,159.6909942626953,91.58000183105469,4563.0,99.07099914550781
2026-06-02 06:55:00+00:00,69930.0390625,1518.5999755859375,159.69700622558594,91.55000305175781,4564.2001953125,99.072998046875
2026-06-02 06:56:00+00:00,69850.921875,1518.22998046875,159.6909942626953,91.55000305175781,4564.10009765625,99.06800079345703
2026-06-02 06:57:00+00:00,69978.2421875,1518.280029296875,159.7050018310547,91.52999877929688,4563.89990234375,99.06900024414062
2026-06-02 06:58:00+00:00,69989.3515625,1518.739990234375,159.70799255371094,91.5,4565.10009765625,99.06400299072266
2026-06-02 06:59:00+00:00,69999.9609375,1518.280029296875,159.69700622558594,91.55000305175781,4566.0,99.06099700927734
2026-06-02 07:00:00+00:00,69988.640625,1517.97998046875,159.6999969482422,91.45999908447266,4567.10009765625,99.06800079345703
2026-06-02 07:01:00+00:00,69800.0625,1518.1800537109375,159.70399475097656,91.48999786376953,4565.2001953125,99.06700134277344
2026-06-02 07:02:00+00:00,69732.8203125,1517.5799560546875,159.71499633789062,91.55999755859375,4563.89990234375,99.07599639892578
2026-06-02 07:03:00+00:00,69736.078125,1517.93994140625,159.72500610351562,91.6500015258789,4564.7001953125,99.08000183105469
2026-06-02 07:04:00+00:00,69742.0,1517.280029296875,159.7100067138672,91.47000122070312,4565.89990234375,99.06500244140625
2026-06-02 07:05:00+00:00,69796.8515625,1517.800048828125,159.71400451660156,91.37999725341797,4565.7998046875,99.06800079345703
2026-06-02 07:06:00+00:00,69768.0390625,1516.97998046875,159.71299743652344,91.47000122070312,4564.2001953125,99.08000183105469
2026-06-02 07:07:00+00:00,69843.3515625,1516.97998046875,159.71800231933594,91.37999725341797,4567.0,99.08100128173828
2026-06-02 07:08:00+00:00,69883.96875,1516.97998046875,159.718994140625,91.30999755859375,4566.2998046875,99.08100128173828
2026-06-02 07:09:00+00:00,69865.9765625,1517.0,159.70899963378906,91.33000183105469,4567.7998046875,99.072998046875
2026-06-02 07:10:00+00:00,69901.0078125,1516.8800048828125,159.70199584960938,91.3499984741211,4569.5,99.08300018310547
2026-06-02 07:11:00+00:00,69938.6875,1517.2099609375,159.6959991455078,91.36000061035156,4569.7998046875,99.08300018310547
2026-06-02 07:12:00+00:00,69920.140625,1516.97998046875,159.70199584960938,91.3499984741211,4570.39990234375,99.0780029296875
2026-06-02 07:13:00+00:00,69943.2421875,1517.0799560546875,159.6999969482422,91.30000305175781,4568.89990234375,99.08200073242188
2026-06-02 07:14:00+00:00,69950.9375,1517.97998046875,159.70599365234375,91.31999969482422,4570.10009765625,99.08599853515625
2026-06-02 07:15:00+00:00,70026.609375,1516.97998046875,159.70799255371094,91.30999755859375,4569.39990234375,99.08699798583984
2026-06-02 07:16:00+00:00,70090.1484375,1517.4300537109375,159.7030029296875,91.33000183105469,4569.0,99.08699798583984
2026-06-02 07:17:00+00:00,70118.546875,1517.530029296875,159.71299743652344,91.30000305175781,4568.10009765625,99.08999633789062
2026-06-02 07:18:00+00:00,70150.7578125,1517.6500244140625,159.70799255371094,91.18000030517578,4570.0,99.09500122070312
2026-06-02 07:19:00+00:00,70088.1328125,1517.8800048828125,159.70899963378906,91.16999816894531,4569.2001953125,99.0999984741211
2026-06-02 07:20:00+00:00,70070.28125,1517.4000244140625,159.697998046875,91.11000061035156,4568.0,99.08999633789062
2026-06-02 07:21:00+00:00,70040.3125,1517.1800537109375,159.70399475097656,91.0999984741211,4567.7001953125,99.08699798583984
2026-06-02 07:22:00+00:00,70026.0,1517.1800537109375,159.69700622558594,91.06999969482422,4567.0,99.08799743652344
2026-06-02 07:23:00+00:00,69993.1875,1517.97998046875,159.7010040283203,91.19000244140625,4566.7001953125,99.08999633789062
2026-06-02 07:24:00+00:00,69944.640625,1518.550048828125,159.70599365234375,91.2699966430664,4566.7001953125,99.08799743652344
2026-06-02 07:25:00+00:00,69838.1875,1518.7900390625,159.71200561523438,91.29000091552734,4565.2998046875,99.10399627685547
2026-06-02 07:26:00+00:00,69814.9765625,1518.7900390625,159.71200561523438,91.2699966430664,4565.89990234375,99.0999984741211
2026-06-02 07:27:00+00:00,69756.1796875,1518.949951171875,159.71800231933594,91.30999755859375,4565.39990234375,99.0979995727539
2026-06-02 07:28:00+00:00,69772.2578125,1518.6099853515625,159.7169952392578,91.44999694824219,4563.39990234375,99.09700012207031
2026-06-02 07:29:00+00:00,69812.8203125,1518.8699951171875,159.71800231933594,91.44000244140625,4564.0,99.09300231933594
2026-06-02 07:30:00+00:00,69840.4921875,1518.8800048828125,159.7220001220703,91.61000061035156,4562.7001953125,99.0979995727539
2026-06-02 07:31:00+00:00,69921.4921875,1517.780029296875,159.6999969482422,91.52999877929688,4565.10009765625,99.08100128173828
2026-06-02 07:32:00+00:00,70008.5703125,1517.93994140625,159.71499633789062,91.4800033569336,4564.5,99.08599853515625
2026-06-02 07:33:00+00:00,70015.8828125,1517.9100341796875,159.71200561523438,91.4800033569336,4563.2001953125,99.08699798583984
2026-06-02 07:34:00+00:00,69998.4296875,1517.8499755859375,159.71200561523438,91.4800033569336,4563.5,99.08599853515625
2026-06-02 07:35:00+00:00,70009.9921875,1518.56005859375,159.72000122070312,91.4800033569336,4562.89990234375,99.08899688720703
2026-06-02 07:36:00+00:00,70070.359375,1518.1800537109375,159.71099853515625,91.4000015258789,4561.89990234375,99.08599853515625
2026-06-02 07:37:00+00:00,70131.9921875,1517.8800048828125,159.718994140625,91.33000183105469,4563.7998046875,99.08100128173828
2026-06-02 07:38:00+00:00,70077.71875,1517.7900390625,159.7100067138672,91.36000061035156,4563.60009765625,99.08200073242188
2026-06-02 07:39:00+00:00,70099.0625,1517.6800537109375,159.71499633789062,91.30999755859375,4563.10009765625,99.08499908447266
2026-06-02 07:40:00+00:00,70114.078125,1517.06005859375,159.71200561523438,91.1500015258789,4563.5,99.08200073242188
2026-06-02 07:41:00+00:00,70102.0234375,1517.280029296875,159.69700622558594,91.05000305175781,4563.5,99.0719985961914
2026-06-02 07:42:00+00:00,70125.53125,1517.3800048828125,159.7100067138672,91.06999969482422,4563.5,99.0790023803711
2026-06-02 07:43:00+00:00,70133.890625,1517.81005859375,159.71299743652344,91.01000213623047,4562.2001953125,99.0770034790039
2026-06-02 07:44:00+00:00,70103.8984375,1517.780029296875,159.71400451660156,90.98999786376953,4561.7998046875,99.0780029296875
2026-06-02 07:45:00+00:00,70027.953125,1518.219970703125,159.7100067138672,90.94999694824219,4561.7001953125,99.0790023803711
2026-06-02 07:46:00+00:00,69983.96875,1517.8499755859375,159.71099853515625,90.95999908447266,4560.89990234375,99.08699798583984
2026-06-02 07:47:00+00:00,69985.78125,1518.050048828125,159.70799255371094,90.83999633789062,4561.10009765625,99.08300018310547
2026-06-02 07:48:00+00:00,70026.546875,1517.93994140625,159.7100067138672,90.83000183105469,4561.0,99.08000183105469
2026-06-02 07:49:00+00:00,70008.6171875,1517.8199462890625,159.7050018310547,90.7699966430664,4561.7998046875,99.0739974975586
2026-06-02 07:50:00+00:00,70063.2109375,1517.800048828125,159.71600341796875,90.7699966430664,4561.7001953125,99.08000183105469
2026-06-02 07:51:00+00:00,70039.6328125,1518.300048828125,159.7100067138672,90.76000213623047,4560.7001953125,99.08699798583984
2026-06-02 07:52:00+00:00,70020.46875,1518.4300537109375,159.70899963378906,90.80000305175781,4560.10009765625,99.08200073242188
2026-06-02 07:53:00+00:00,69988.640625,1518.27001953125,159.6999969482422,90.80000305175781,4558.7998046875,99.08300018310547
2026-06-02 07:54:00+00:00,70027.28125,1518.6700439453125,159.7030029296875,90.69000244140625,4560.7001953125,99.0790023803711
2026-06-02 07:55:00+00:00,70097.59375,1518.8800048828125,159.6959991455078,90.66000366210938,4562.60009765625,99.08200073242188
2026-06-02 07:56:00+00:00,70034.0390625,1518.47998046875,159.68899536132812,90.62000274658203,4563.7998046875,99.0780029296875
2026-06-02 07:57:00+00:00,70037.5703125,1518.6300048828125,159.69900512695312,90.83999633789062,4564.10009765625,99.07599639892578
2026-06-02 07:58:00+00:00,70031.6875,1518.4000244140625,159.6959991455078,90.83000183105469,4564.2998046875,99.0739974975586
2026-06-02 07:59:00+00:00,70006.796875,1518.3800048828125,159.68899536132812,90.81999969482422,4565.2001953125,99.0780029296875
2026-06-02 08:00:00+00:00,70012.2265625,1518.4599609375,159.68899536132812,90.73999786376953,4565.89990234375,99.0739974975586
2026-06-02 08:01:00+00:00,70065.828125,1518.3399658203125,159.69000244140625,90.76000213623047,4566.5,99.0780029296875
2026-06-02 08:02:00+00:00,69965.953125,1518.3699951171875,159.6739959716797,90.79000091552734,4564.10009765625,99.0790023803711
2026-06-02 08:03:00+00:00,69985.546875,1518.5999755859375,159.66000366210938,90.69000244140625,4564.5,99.07099914550781
2026-06-02 08:04:00+00:00,69918.4375,1517.8800048828125,159.66200256347656,90.62000274658203,4564.60009765625,99.06800079345703
2026-06-02 08:05:00+00:00,69943.2265625,1518.0799560546875,159.64999389648438,90.66000366210938,4566.60009765625,99.06300354003906
2026-06-02 08:06:00+00:00,69952.3203125,1517.8399658203125,159.66200256347656,90.75,4568.0,99.05400085449219
2026-06-02 08:07:00+00:00,69955.1484375,1517.97998046875,159.6820068359375,90.75,4566.7001953125,99.05999755859375
2026-06-02 08:08:00+00:00,69915.9921875,1517.280029296875,159.67999267578125,90.6500015258789,4566.0,99.0719985961914
2026-06-02 08:09:00+00:00,69899.5703125,1517.780029296875,159.68099975585938,90.72000122070312,4566.0,99.06900024414062
2026-06-02 08:10:00+00:00,69899.75,1517.8800048828125,159.69700622558594,90.7300033569336,4565.89990234375,99.08100128173828
2026-06-02 08:11:00+00:00,69886.421875,1517.7900390625,159.68899536132812,90.69999694824219,4565.60009765625,99.08799743652344
2026-06-02 08:12:00+00:00,69906.921875,1516.8800048828125,159.67999267578125,90.66000366210938,4566.89990234375,99.08499908447266
2026-06-02 08:13:00+00:00,69918.109375,1517.489990234375,159.6840057373047,90.68000030517578,4566.2001953125,99.09100341796875
2026-06-02 08:14:00+00:00,69947.34375,1517.280029296875,159.68499755859375,90.95999908447266,4565.0,99.09400177001953
2026-06-02 08:15:00+00:00,69910.75,1517.47998046875,159.6929931640625,90.7699966430664,4564.39990234375,99.09600067138672
2026-06-02 08:16:00+00:00,69913.4921875,1517.5699462890625,159.67999267578125,90.70999908447266,4563.0,99.0979995727539
2026-06-02 08:17:00+00:00,69834.2578125,1517.68994140625,159.67799377441406,90.68000030517578,4562.2001953125,99.09500122070312
2026-06-02 08:18:00+00:00,69925.0,1517.280029296875,159.68099975585938,90.69999694824219,4562.60009765625,99.09700012207031
2026-06-02 08:19:00+00:00,69866.046875,1517.3199462890625,159.6750030517578,90.73999786376953,4562.60009765625,99.09500122070312
2026-06-02 08:20:00+00:00,69866.0625,1517.3800048828125,159.68299865722656,90.69999694824219,4562.60009765625,99.09400177001953
2026-06-02 08:21:00+00:00,69828.09375,1517.5400390625,159.6840057373047,90.66999816894531,4563.2001953125,99.09600067138672
2026-06-02 08:22:00+00:00,69785.796875,1517.4300537109375,159.6840057373047,90.54000091552734,4563.7998046875,99.09600067138672
2026-06-02 08:23:00+00:00,69851.390625,1517.1700439453125,159.68499755859375,90.5999984741211,4564.0,99.0999984741211
2026-06-02 08:24:00+00:00,69791.8125,1517.1300048828125,159.68800354003906,90.54000091552734,4564.7001953125,99.10199737548828
2026-06-02 08:25:00+00:00,69831.3671875,1517.5799560546875,159.7030029296875,90.81999969482422,4563.0,99.10099792480469
2026-06-02 08:26:00+00:00,69910.1328125,1517.9000244140625,159.70399475097656,90.83999633789062,4563.5,99.0989990234375
2026-06-02 08:27:00+00:00,69958.0,1517.6300048828125,159.7010040283203,90.8499984741211,4562.2998046875,99.09600067138672
2026-06-02 08:28:00+00:00,69882.0,1517.5,159.71099853515625,90.91999816894531,4562.10009765625,99.0999984741211
2026-06-02 08:29:00+00:00,69907.171875,1518.199951171875,159.7220001220703,91.12999725341797,4561.2001953125,99.1050033569336
2026-06-02 08:30:00+00:00,69925.953125,1518.0799560546875,159.71600341796875,90.91999816894531,4560.89990234375,99.1050033569336
2026-06-02 08:31:00+00:00,69947.7734375,1517.8800048828125,159.71400451660156,90.83000183105469,4562.5,99.0999984741211
2026-06-02 08:32:00+00:00,69934.0234375,1517.780029296875,159.70799255371094,90.73999786376953,4562.60009765625,99.0989990234375
2026-06-02 08:33:00+00:00,69939.71875,1517.56005859375,159.70700073242188,90.61000061035156,4563.10009765625,99.10199737548828
2026-06-02 08:34:00+00:00,69906.609375,1517.6300048828125,159.71200561523438,90.66999816894531,4562.39990234375,99.10199737548828
2026-06-02 08:35:00+00:00,69889.890625,1516.989990234375,159.70899963378906,90.66000366210938,4561.7998046875,99.10199737548828
2026-06-02 08:36:00+00:00,69890.0,1517.47998046875,159.7220001220703,90.5999984741211,4562.2001953125,99.10399627685547
2026-06-02 08:37:00+00:00,69904.0078125,1517.3199462890625,159.72000122070312,90.63999938964844,4561.2001953125,99.10600280761719
2026-06-02 08:38:00+00:00,69822.0078125,1517.3199462890625,159.73199462890625,90.66000366210938,4559.7001953125,99.11499786376953
2026-06-02 08:39:00+00:00,69817.7890625,1517.1600341796875,159.71499633789062,90.58000183105469,4560.2001953125,99.11100006103516
2026-06-02 08:40:00+00:00,69847.8828125,1517.02001953125,159.71400451660156,90.41999816894531,4560.7001953125,99.10700225830078
2026-06-02 08:41:00+00:00,69793.4296875,1517.47998046875,159.72799682617188,90.55999755859375,4559.2998046875,99.11100006103516
2026-06-02 08:42:00+00:00,69795.8515625,1517.1700439453125,159.72500610351562,90.55999755859375,4559.7998046875,99.11299896240234
2026-06-02 08:43:00+00:00,69778.3828125,1517.1700439453125,159.73199462890625,90.5,4559.39990234375,99.11499786376953
2026-06-02 08:44:00+00:00,69759.9921875,1517.5799560546875,159.72300720214844,90.52999877929688,4559.0,99.11799621582031
2026-06-02 08:45:00+00:00,69794.96875,1517.6300048828125,159.7239990234375,90.41000366210938,4560.0,99.12100219726562
2026-06-02 08:46:00+00:00,69789.90625,1517.800048828125,159.72300720214844,90.29000091552734,4559.7998046875,99.12200164794922
2026-06-02 08:47:00+00:00,69780.890625,1517.93994140625,159.72500610351562,90.37000274658203,4559.7001953125,99.125
2026-06-02 08:48:00+00:00,69709.9765625,1517.6800537109375,159.7239990234375,90.37999725341797,4558.0,99.1259994506836
2026-06-02 08:49:00+00:00,69691.1171875,1517.8900146484375,159.71800231933594,90.29000091552734,4559.7998046875,99.12100219726562
2026-06-02 08:50:00+00:00,69720.7734375,1517.6600341796875,159.7259979248047,90.19999694824219,4559.2001953125,99.1240005493164
2026-06-02 08:51:00+00:00,69700.0,1517.5999755859375,159.72799682617188,90.25,4558.10009765625,99.12699890136719
2026-06-02 08:52:00+00:00,69667.03125,1517.8800048828125,159.7209930419922,90.33999633789062,4558.7998046875,99.1240005493164
2026-06-02 08:53:00+00:00,69670.84375,1517.8800048828125,159.73199462890625,90.37999725341797,4559.2001953125,99.1240005493164
2026-06-02 08:54:00+00:00,69661.921875,1517.6800537109375,159.72799682617188,90.51000213623047,4558.0,99.12699890136719
2026-06-02 08:55:00+00:00,69659.90625,1517.8199462890625,159.73500061035156,90.5199966430664,4557.5,99.12799835205078
2026-06-02 08:56:00+00:00,69639.28125,1517.8800048828125,159.73899841308594,90.5199966430664,4556.7998046875,99.13899993896484
2026-06-02 08:57:00+00:00,69702.6171875,1517.8599853515625,159.73199462890625,90.56999969482422,4556.7001953125,99.13899993896484
2026-06-02 08:58:00+00:00,69676.4296875,1517.72998046875,159.73599243164062,90.55999755859375,4556.7998046875,99.13600158691406
2026-06-02 08:59:00+00:00,69710.9296875,1517.8900146484375,159.7429962158203,90.6500015258789,4557.0,99.13200378417969
2026-06-02 09:00:00+00:00,69675.3828125,1517.6700439453125,159.73699951171875,90.58000183105469,4556.0,99.14199829101562
2026-06-02 09:01:00+00:00,69625.828125,1517.6500244140625,159.7429962158203,90.61000061035156,4556.0,99.14299774169922
2026-06-02 09:02:00+00:00,69543.7265625,1517.8399658203125,159.7449951171875,90.54000091552734,4557.2998046875,99.14099884033203
2026-06-02 09:03:00+00:00,69544.5390625,1517.8800048828125,159.74000549316406,90.52999877929688,4556.7998046875,99.1510009765625
2026-06-02 09:04:00+00:00,69488.0078125,1517.780029296875,159.74200439453125,90.5,4557.7001953125,99.14800262451172
2026-06-02 09:05:00+00:00,69510.0078125,1517.4000244140625,159.73599243164062,90.44000244140625,4558.60009765625,99.13999938964844
2026-06-02 09:06:00+00:00,69510.0078125,1517.47998046875,159.73699951171875,90.44000244140625,4560.0,99.14299774169922
2026-06-02 09:07:00+00:00,69593.6484375,1517.1800537109375,159.73599243164062,90.44999694824219,4560.2998046875,99.14299774169922
2026-06-02 09:08:00+00:00,69542.0,1517.3800048828125,159.73800659179688,90.43000030517578,4559.39990234375,99.1449966430664
2026-06-02 09:09:00+00:00,69544.28125,1517.3499755859375,159.7310028076172,90.33000183105469,4558.7998046875,99.14399719238281
2026-06-02 09:10:00+00:00,69516.0078125,1517.31005859375,159.73599243164062,90.44000244140625,4560.10009765625,99.14399719238281
2026-06-02 09:11:00+00:00,69507.34375,1517.3399658203125,159.74000549316406,90.41000366210938,4561.2001953125,99.14399719238281
2026-06-02 09:12:00+00:00,69433.1015625,1517.4300537109375,159.73599243164062,90.54000091552734,4562.7998046875,99.14099884033203
2026-06-02 09:13:00+00:00,69438.5390625,1517.5699462890625,159.74099731445312,90.55999755859375,4563.2998046875,99.1449966430664
2026-06-02 09:14:00+00:00,69448.3828125,1517.1600341796875,159.74400329589844,90.54000091552734,4563.7001953125,99.14299774169922
2026-06-02 09:15:00+00:00,69459.8203125,1516.97998046875,159.73399353027344,90.4800033569336,4563.60009765625,99.13999938964844
2026-06-02 09:16:00+00:00,69456.1015625,1516.6800537109375,159.74200439453125,90.4000015258789,4564.2001953125,99.14399719238281
2026-06-02 09:17:00+00:00,69392.65625,1517.0799560546875,159.72799682617188,90.30999755859375,4563.60009765625,99.14299774169922
2026-06-02 09:18:00+00:00,69510.4296875,1517.280029296875,159.7169952392578,90.2699966430664,4563.7001953125,99.14099884033203
2026-06-02 09:19:00+00:00,69499.1015625,1517.0799560546875,159.71499633789062,90.19000244140625,4564.60009765625,99.13899993896484
2026-06-02 09:20:00+00:00,69435.203125,1516.97998046875,159.71600341796875,90.19000244140625,4563.2001953125,99.13400268554688
2026-06-02 09:21:00+00:00,69377.9609375,1517.1800537109375,159.72300720214844,90.20999908447266,4560.39990234375,99.13999938964844
2026-06-02 09:22:00+00:00,69354.8125,1517.1099853515625,159.7239990234375,90.26000213623047,4559.39990234375,99.14399719238281
2026-06-02 09:23:00+00:00,69372.4765625,1516.9599609375,159.72799682617188,90.25,4558.7001953125,99.14099884033203
2026-06-02 09:24:00+00:00,69384.9921875,1516.8800048828125,159.7310028076172,90.2699966430664,4559.2001953125,99.13400268554688
2026-06-02 09:25:00+00:00,69330.0234375,1517.0899658203125,159.7270050048828,90.25,4559.2001953125,99.13600158691406
2026-06-02 09:26:00+00:00,69333.5703125,1516.989990234375,159.72999572753906,90.30999755859375,4559.60009765625,99.13400268554688
2026-06-02 09:27:00+00:00,69303.09375,1516.6800537109375,159.7239990234375,90.41999816894531,4558.39990234375,99.13099670410156
2026-06-02 09:28:00+00:00,69278.859375,1517.010009765625,159.7100067138672,90.52999877929688,4557.2998046875,99.12799835205078
2026-06-02 09:29:00+00:00,69290.0078125,1517.06005859375,159.697998046875,90.63999938964844,4556.7001953125,99.12699890136719
2026-06-02 09:30:00+00:00,69309.9609375,1516.8199462890625,159.7030029296875,90.66000366210938,4554.5,99.12899780273438
2026-06-02 09:31:00+00:00,69316.9765625,1517.0799560546875,159.70700073242188,90.70999908447266,4552.5,99.12799835205078
2026-06-02 09:32:00+00:00,69383.53125,1517.0400390625,159.70899963378906,90.76000213623047,4554.2001953125,99.13099670410156
2026-06-02 09:33:00+00:00,69401.3125,1517.2099609375,159.70799255371094,90.69000244140625,4556.5,99.13200378417969
2026-06-02 09:34:00+00:00,69412.0,1516.77001953125,159.71600341796875,90.62000274658203,4555.5,99.12300109863281
2026-06-02 09:35:00+00:00,69435.578125,1516.8800048828125,159.70700073242188,90.69000244140625,4556.10009765625,99.125
2026-06-02 09:36:00+00:00,69414.34375,1516.97998046875,159.7010040283203,90.62999725341797,4556.7998046875,99.11799621582031
2026-06-02 09:37:00+00:00,69375.7421875,1516.719970703125,159.71400451660156,90.7300033569336,4555.10009765625,99.12000274658203
2026-06-02 09:38:00+00:00,69414.2734375,1516.6199951171875,159.71099853515625,90.69999694824219,4554.10009765625,99.12100219726562
2026-06-02 09:39:00+00:00,69371.1875,1516.8800048828125,159.70799255371094,90.75,4554.39990234375,99.12300109863281
2026-06-02 09:40:00+00:00,69359.2734375,1516.760009765625,159.71099853515625,90.76000213623047,4554.7998046875,99.12899780273438
2026-06-02 09:41:00+00:00,69371.1875,1516.8399658203125,159.70399475097656,90.7300033569336,4555.7998046875,99.125
2026-06-02 09:42:00+00:00,69390.0625,1517.1800537109375,159.7100067138672,90.7699966430664,4555.0,99.12200164794922
2026-06-02 09:43:00+00:00,69399.203125,1517.1800537109375,159.71400451660156,90.83999633789062,4554.2001953125,99.12899780273438
2026-06-02 09:44:00+00:00,69383.671875,1517.1800537109375,159.70700073242188,90.81999969482422,4555.60009765625,99.1259994506836
2026-06-02 09:45:00+00:00,69322.0,1517.1800537109375,159.70700073242188,90.73999786376953,4555.5,99.12300109863281
2026-06-02 09:46:00+00:00,69295.0078125,1517.0999755859375,159.7169952392578,90.76000213623047,4555.5,99.1240005493164
2026-06-02 09:47:00+00:00,69314.3671875,1517.1800537109375,159.71400451660156,90.88999938964844,4555.60009765625,99.12999725341797
2026-06-02 09:48:00+00:00,69405.8125,1517.239990234375,159.71200561523438,90.83999633789062,4556.2998046875,99.1259994506836
2026-06-02 09:49:00+00:00,69380.28125,1517.260009765625,159.70899963378906,90.9000015258789,4556.10009765625,99.11900329589844
2026-06-02 09:50:00+00:00,69331.9765625,1517.030029296875,159.71299743652344,90.93000030517578,4557.0,99.12699890136719
2026-06-02 09:51:00+00:00,69371.203125,1517.47998046875,159.718994140625,90.87000274658203,4559.5,99.12300109863281
2026-06-02 09:52:00+00:00,69344.0,1517.1700439453125,159.71800231933594,90.91000366210938,4560.10009765625,99.12999725341797
2026-06-02 09:53:00+00:00,69340.7578125,1517.81005859375,159.7169952392578,90.91000366210938,4560.2001953125,99.13500213623047
2026-06-02 09:54:00+00:00,69284.9375,1517.449951171875,159.718994140625,90.91000366210938,4560.0,99.13600158691406
2026-06-02 09:55:00+00:00,69339.421875,1517.31005859375,159.7270050048828,90.81999969482422,4560.10009765625,99.13400268554688
2026-06-02 09:56:00+00:00,69303.1015625,1517.5,159.72000122070312,90.87999725341797,4560.0,99.13600158691406
2026-06-02 09:57:00+00:00,69311.15625,1517.52001953125,159.7310028076172,90.95999908447266,4560.10009765625,99.13700103759766
2026-06-02 09:58:00+00:00,69292.5703125,1517.2900390625,159.74000549316406,91.02999877929688,4557.89990234375,99.14099884033203
2026-06-02 09:59:00+00:00,69319.390625,1517.22998046875,159.73500061035156,91.01000213623047,4559.39990234375,99.12799835205078
2026-06-02 10:00:00+00:00,69324.6484375,1517.6500244140625,159.74000549316406,91.12999725341797,4559.60009765625,99.13700103759766
2026-06-02 10:01:00+00:00,69300.0,1517.6800537109375,159.75100708007812,91.16000366210938,4559.2998046875,99.13999938964844
2026-06-02 10:02:00+00:00,69267.9296875,1517.8699951171875,159.7519989013672,91.19999694824219,4557.89990234375,99.13899993896484
2026-06-02 10:03:00+00:00,69334.953125,1517.5799560546875,159.7429962158203,91.12999725341797,4557.89990234375,99.13600158691406
2026-06-02 10:04:00+00:00,69404.9765625,1517.8800048828125,159.74400329589844,91.1500015258789,4557.7998046875,99.13700103759766
2026-06-02 10:05:00+00:00,69421.1328125,1517.3800048828125,159.72000122070312,91.05999755859375,4558.5,99.11499786376953
2026-06-02 10:06:00+00:00,69428.546875,1517.5799560546875,159.7270050048828,91.01000213623047,4559.0,99.12300109863281
2026-06-02 10:07:00+00:00,69407.5078125,1517.3399658203125,159.7239990234375,91.05000305175781,4559.7001953125,99.12200164794922
2026-06-02 10:08:00+00:00,69450.0234375,1517.3399658203125,159.7310028076172,91.05000305175781,4558.89990234375,99.12200164794922
2026-06-02 10:09:00+00:00,69525.34375,1517.239990234375,159.7239990234375,90.95999908447266,4559.2998046875,99.12100219726562
2026-06-02 10:10:00+00:00,69544.0078125,1517.25,159.7239990234375,90.95999908447266,4560.89990234375,99.11299896240234
2026-06-02 10:11:00+00:00,69610.0390625,1517.6400146484375,159.71299743652344,90.9800033569336,4560.7001953125,99.11399841308594
2026-06-02 10:12:00+00:00,69615.6015625,1517.47998046875,159.72500610351562,90.98999786376953,4558.89990234375,99.12000274658203
2026-06-02 10:13:00+00:00,69580.046875,1517.3599853515625,159.7220001220703,91.05000305175781,4558.2998046875,99.12000274658203
2026-06-02 10:14:00+00:00,69544.0234375,1517.6800537109375,159.7239990234375,91.11000061035156,4558.60009765625,99.11900329589844
2026-06-02 10:15:00+00:00,69577.90625,1517.5699462890625,159.73199462890625,91.16000366210938,4558.10009765625,99.12300109863281
2026-06-02 10:16:00+00:00,69577.9375,1517.780029296875,159.72999572753906,91.27999877929688,4558.0,99.13500213623047
2026-06-02 10:17:00+00:00,69555.40625,1517.56005859375,159.73199462890625,91.27999877929688,4558.2998046875,99.13999938964844
2026-06-02 10:18:00+00:00,69568.296875,1517.530029296875,159.72300720214844,91.30999755859375,4557.7998046875,99.13700103759766
2026-06-02 10:19:00+00:00,69613.296875,1517.3699951171875,159.72900390625,91.33000183105469,4558.60009765625,99.13899993896484
2026-06-02 10:20:00+00:00,69584.109375,1517.6500244140625,159.7239990234375,91.4000015258789,4558.10009765625,99.14900207519531
2026-06-02 10:21:00+00:00,69525.5625,1517.780029296875,159.74000549316406,91.44999694824219,4555.0,99.15599822998047
2026-06-02 10:22:00+00:00,69448.1875,1517.4100341796875,159.73500061035156,91.48999786376953,4554.60009765625,99.15399932861328
2026-06-02 10:23:00+00:00,69436.8984375,1517.52001953125,159.73199462890625,91.37000274658203,4555.39990234375,99.1510009765625
2026-06-02 10:24:00+00:00,69435.03125,1517.3800048828125,159.73199462890625,91.37000274658203,4555.10009765625,99.14199829101562
2026-06-02 10:25:00+00:00,69446.0,1517.31005859375,159.73199462890625,91.4000015258789,4557.0,99.13899993896484
2026-06-02 10:26:00+00:00,69466.203125,1517.25,159.7270050048828,91.31999969482422,4556.7001953125,99.13500213623047
2026-06-02 10:27:00+00:00,69468.640625,1516.8800048828125,159.7209930419922,91.30000305175781,4557.2998046875,99.13200378417969
2026-06-02 10:28:00+00:00,69484.84375,1517.47998046875,159.72000122070312,91.27999877929688,4557.5,99.13500213623047
2026-06-02 10:29:00+00:00,69522.4921875,1517.219970703125,159.72500610351562,91.26000213623047,4558.10009765625,99.12999725341797
2026-06-02 10:30:00+00:00,69550.7421875,1517.0,159.7209930419922,91.25,4557.39990234375,99.12999725341797
2026-06-02 10:31:00+00:00,69551.140625,1517.1800537109375,159.72000122070312,91.1500015258789,4557.2998046875,99.13200378417969
2026-06-02 10:32:00+00:00,69541.953125,1517.1800537109375,159.7209930419922,91.11000061035156,4557.60009765625,99.13200378417969
2026-06-02 10:33:00+00:00,69452.9375,1517.0400390625,159.72900390625,91.13999938964844,4557.39990234375,99.13300323486328
2026-06-02 10:34:00+00:00,69397.6484375,1516.8499755859375,159.72000122070312,91.1500015258789,4557.60009765625,99.13200378417969
2026-06-02 10:35:00+00:00,69380.78125,1516.97998046875,159.7209930419922,91.12999725341797,4557.2998046875,99.13500213623047
2026-06-02 10:36:00+00:00,69397.640625,1517.1800537109375,159.72000122070312,91.12999725341797,4557.5,99.13300323486328
2026-06-02 10:37:00+00:00,69353.3125,1517.3299560546875,159.72000122070312,91.19000244140625,4557.10009765625,99.12899780273438
2026-06-02 10:38:00+00:00,69357.5703125,1516.9599609375,159.72000122070312,91.20999908447266,4555.2998046875,99.12999725341797
2026-06-02 10:39:00+00:00,69386.546875,1517.0699462890625,159.71600341796875,91.18000030517578,4556.2998046875,99.12699890136719
2026-06-02 10:40:00+00:00,69389.609375,1517.300048828125,159.718994140625,91.12999725341797,4556.7001953125,99.12899780273438
2026-06-02 10:41:00+00:00,69379.2734375,1517.3800048828125,159.72300720214844,91.16999816894531,4556.7998046875,99.12699890136719
2026-06-02 10:42:00+00:00,69372.7890625,1517.27001953125,159.72300720214844,91.22000122070312,4556.60009765625,99.12699890136719
2026-06-02 10:43:00+00:00,69367.7109375,1517.3399658203125,159.72000122070312,91.29000091552734,4556.89990234375,99.12999725341797
2026-06-02 10:44:00+00:00,69357.1328125,1517.5799560546875,159.718994140625,91.23999786376953,4558.10009765625,99.12300109863281
2026-06-02 10:45:00+00:00,69399.7265625,1517.1600341796875,159.7169952392578,91.1500015258789,4559.5,99.12000274658203
2026-06-02 10:46:00+00:00,69397.15625,1517.3399658203125,159.7270050048828,91.12999725341797,4559.89990234375,99.12200164794922
2026-06-02 10:47:00+00:00,69402.0703125,1517.280029296875,159.71400451660156,91.16999816894531,4560.7998046875,99.1240005493164
2026-06-02 10:48:00+00:00,69369.9921875,1516.97998046875,159.7239990234375,91.19999694824219,4560.2998046875,99.11799621582031
2026-06-02 10:49:00+00:00,69371.1796875,1517.260009765625,159.7209930419922,91.16999816894531,4560.2001953125,99.12300109863281
2026-06-02 10:50:00+00:00,69393.6171875,1517.300048828125,159.71299743652344,91.13999938964844,4560.60009765625,99.12100219726562
2026-06-02 10:51:00+00:00,69433.46875,1517.18994140625,159.718994140625,91.12000274658203,4560.7998046875,99.11900329589844
2026-06-02 10:52:00+00:00,69482.921875,1517.300048828125,159.7220001220703,91.16999816894531,4559.5,99.11599731445312
2026-06-02 10:53:00+00:00,69560.3125,1517.0999755859375,159.71200561523438,91.19999694824219,4560.5,99.10900115966797
2026-06-02 10:54:00+00:00,69545.640625,1517.1700439453125,159.71600341796875,91.16999816894531,4562.2001953125,99.10800170898438
2026-06-02 10:55:00+00:00,69530.75,1517.3800048828125,159.72300720214844,91.18000030517578,4561.10009765625,99.11699676513672
2026-06-02 10:56:00+00:00,69566.421875,1517.6800537109375,159.7220001220703,91.16000366210938,4562.0,99.12899780273438
2026-06-02 10:57:00+00:00,69566.796875,1516.8800048828125,159.72300720214844,91.19999694824219,4562.5,99.12899780273438
2026-06-02 10:58:00+00:00,69570.3984375,1517.5400390625,159.73300170898438,91.20999908447266,4563.0,99.12799835205078
2026-06-02 10:59:00+00:00,69546.6171875,1517.3399658203125,159.72799682617188,91.16999816894531,4563.10009765625,99.125
2026-06-02 11:00:00+00:00,69530.1015625,1517.1300048828125,159.7209930419922,91.12999725341797,4563.7001953125,99.12300109863281
2026-06-02 11:01:00+00:00,69492.65625,1517.780029296875,159.7239990234375,91.11000061035156,4563.2001953125,99.11900329589844
2026-06-02 11:02:00+00:00,69495.5703125,1517.780029296875,159.7209930419922,90.95999908447266,4564.0,99.11199951171875
2026-06-02 11:03:00+00:00,69501.953125,1517.68994140625,159.71400451660156,90.94999694824219,4563.7998046875,99.11100006103516
2026-06-02 11:04:00+00:00,69477.75,1517.9599609375,159.7259979248047,91.0,4560.7998046875,99.11399841308594
2026-06-02 11:05:00+00:00,69455.3671875,1518.780029296875,159.72000122070312,90.95999908447266,4559.89990234375,99.11599731445312
2026-06-02 11:06:00+00:00,69473.0390625,1518.0699462890625,159.71499633789062,90.91000366210938,4560.2998046875,99.11699676513672
2026-06-02 11:07:00+00:00,69457.8203125,1518.6800537109375,159.7209930419922,90.86000061035156,4560.60009765625,99.11599731445312
2026-06-02 11:08:00+00:00,69479.328125,1518.1400146484375,159.71600341796875,90.83999633789062,4559.7001953125,99.11599731445312
2026-06-02 11:09:00+00:00,69489.9921875,1518.47998046875,159.71400451660156,90.79000091552734,4559.2998046875,99.11499786376953
2026-06-02 11:10:00+00:00,69492.8671875,1518.5799560546875,159.71600341796875,90.86000061035156,4559.5,99.11599731445312
2026-06-02 11:11:00+00:00,69415.0234375,1518.0799560546875,159.71400451660156,90.83999633789062,4559.7001953125,99.11399841308594
2026-06-02 11:12:00+00:00,69402.1484375,1517.72998046875,159.72000122070312,90.81999969482422,4559.10009765625,99.11199951171875
2026-06-02 11:13:00+00:00,69427.9921875,1518.0799560546875,159.72799682617188,90.91000366210938,4558.7001953125,99.11499786376953
2026-06-02 11:14:00+00:00,69445.9296875,1518.3800048828125,159.718994140625,90.91000366210938,4558.5,99.12000274658203
2026-06-02 11:15:00+00:00,69434.03125,1516.780029296875,159.7169952392578,91.0199966430664,4556.39990234375,99.125
2026-06-02 11:16:00+00:00,69395.9921875,1518.050048828125,159.72000122070312,90.94000244140625,4558.89990234375,99.1240005493164
2026-06-02 11:17:00+00:00,69383.9609375,1516.8800048828125,159.71800231933594,90.94000244140625,4558.7998046875,99.12200164794922
2026-06-02 11:18:00+00:00,69327.4765625,1518.47998046875,159.70799255371094,90.9000015258789,4558.2998046875,99.11299896240234
2026-06-02 11:19:00+00:00,69341.953125,1517.6800537109375,159.7220001220703,90.91999816894531,4557.60009765625,99.12000274658203
2026-06-02 11:20:00+00:00,69366.15625,1518.010009765625,159.71200561523438,90.93000030517578,4557.89990234375,99.11299896240234
2026-06-02 11:21:00+00:00,69357.5703125,1518.0999755859375,159.71600341796875,90.94999694824219,4558.0,99.10900115966797
2026-06-02 11:22:00+00:00,69389.3515625,1517.93994140625,159.72300720214844,91.01000213623047,4558.2001953125,99.11299896240234
2026-06-02 11:23:00+00:00,69402.9765625,1517.8499755859375,159.7220001220703,91.11000061035156,4557.5,99.11199951171875
2026-06-02 11:24:00+00:00,69419.140625,1516.97998046875,159.7310028076172,91.12000274658203,4558.39990234375,99.11499786376953
2026-06-02 11:25:00+00:00,69421.921875,1517.5400390625,159.72999572753906,91.02999877929688,4558.7998046875,99.11000061035156
2026-06-02 11:26:00+00:00,69375.7421875,1517.449951171875,159.7239990234375,91.05999755859375,4558.7001953125,99.10800170898438
2026-06-02 11:27:00+00:00,69372.0,1517.300048828125,159.72300720214844,91.0999984741211,4557.2001953125,99.11399841308594
2026-06-02 11:28:00+00:00,69362.1796875,1517.4000244140625,159.7310028076172,91.05000305175781,4559.2001953125,99.11199951171875
2026-06-02 11:29:00+00:00,69381.9296875,1517.3299560546875,159.72799682617188,91.06999969482422,4559.89990234375,99.10800170898438
2026-06-02 11:30:00+00:00,69353.7734375,1517.4200439453125,159.73500061035156,91.0999984741211,4560.39990234375,99.10700225830078
2026-06-02 11:31:00+00:00,69331.84375,1517.2900390625,159.74000549316406,91.19999694824219,4560.0,99.10700225830078
2026-06-02 11:32:00+00:00,69323.546875,1517.47998046875,159.7310028076172,91.18000030517578,4558.5,99.10700225830078
2026-06-02 11:33:00+00:00,69356.15625,1517.0999755859375,159.7310028076172,91.18000030517578,4560.0,99.10600280761719
2026-06-02 11:34:00+00:00,69334.71875,1517.31005859375,159.73599243164062,91.22000122070312,4560.0,99.11100006103516
2026-06-02 11:35:00+00:00,69340.0390625,1517.22998046875,159.7310028076172,91.2300033569336,4558.89990234375,99.10099792480469
2026-06-02 11:36:00+00:00,69334.703125,1517.739990234375,159.72900390625,91.18000030517578,4557.5,99.0999984741211
2026-06-02 11:37:00+00:00,69371.203125,1517.25,159.73199462890625,91.16999816894531,4556.5,99.09500122070312
2026-06-02 11:38:00+00:00,69419.9765625,1517.280029296875,159.72999572753906,91.06999969482422,4556.7998046875,99.09600067138672
2026-06-02 11:39:00+00:00,69418.59375,1517.1199951171875,159.73699951171875,91.04000091552734,4556.89990234375,99.08599853515625
2026-06-02 11:40:00+00:00,69418.0,1516.8900146484375,159.74099731445312,91.08000183105469,4556.89990234375,99.09100341796875
2026-06-02 11:41:00+00:00,69430.0,1517.280029296875,159.73199462890625,91.02999877929688,4557.0,99.09400177001953
2026-06-02 11:42:00+00:00,69400.8515625,1517.3800048828125,159.7220001220703,90.95999908447266,4557.5,99.08699798583984
2026-06-02 11:43:00+00:00,69403.2265625,1517.300048828125,159.72300720214844,90.95999908447266,4557.89990234375,99.08499908447266
2026-06-02 11:44:00+00:00,69368.0,1517.0,159.72500610351562,91.05000305175781,4556.5,99.08499908447266
2026-06-02 11:45:00+00:00,69371.609375,1517.3800048828125,159.72799682617188,91.05000305175781,4557.2001953125,99.08799743652344
2026-06-02 11:46:00+00:00,69389.8984375,1517.0899658203125,159.72900390625,91.05999755859375,4556.39990234375,99.08300018310547
2026-06-02 11:47:00+00:00,69401.3125,1517.030029296875,159.7259979248047,91.08000183105469,4555.7998046875,99.08499908447266
2026-06-02 11:48:00+00:00,69439.2421875,1517.0,159.7270050048828,91.05999755859375,4558.89990234375,99.08200073242188
2026-06-02 11:49:00+00:00,69433.09375,1517.1400146484375,159.72999572753906,91.13999938964844,4558.7998046875,99.08200073242188
2026-06-02 11:50:00+00:00,69441.8984375,1517.25,159.73899841308594,91.0999984741211,4559.10009765625,99.08300018310547
2026-06-02 11:51:00+00:00,69419.2734375,1516.97998046875,159.72500610351562,91.06999969482422,4558.89990234375,99.08200073242188
2026-06-02 11:52:00+00:00,69491.9921875,1516.3800048828125,159.72799682617188,91.0999984741211,4559.10009765625,99.0739974975586
2026-06-02 11:53:00+00:00,69473.2109375,1517.3800048828125,159.7270050048828,91.16999816894531,4558.39990234375,99.07599639892578
2026-06-02 11:54:00+00:00,69479.8125,1517.3499755859375,159.72900390625,91.12999725341797,4558.5,99.07099914550781
2026-06-02 11:55:00+00:00,69468.421875,1516.8800048828125,159.72999572753906,91.13999938964844,4559.89990234375,99.06400299072266
2026-06-02 11:56:00+00:00,69458.953125,1516.699951171875,159.7310028076172,91.05999755859375,4560.10009765625,99.06700134277344
2026-06-02 11:57:00+00:00,69434.6875,1516.6600341796875,159.74200439453125,91.0,4558.10009765625,99.07599639892578
2026-06-02 11:58:00+00:00,69409.71875,1516.97998046875,159.74200439453125,91.05999755859375,4556.10009765625,99.08000183105469
2026-06-02 11:59:00+00:00,69349.9921875,1516.8299560546875,159.7469940185547,91.0199966430664,4557.2998046875,99.08100128173828
2026-06-02 12:00:00+00:00,69279.3125,1516.6400146484375,159.73699951171875,90.91999816894531,4556.5,99.08000183105469
2026-06-02 12:01:00+00:00,69329.6171875,1516.780029296875,159.73800659179688,90.94999694824219,4556.5,99.0780029296875
2026-06-02 12:02:00+00:00,69385.15625,1516.8699951171875,159.73699951171875,90.94000244140625,4556.7998046875,99.08399963378906
2026-06-02 12:03:00+00:00,69392.0078125,1517.1800537109375,159.74000549316406,90.97000122070312,4558.10009765625,99.08699798583984
2026-06-02 12:04:00+00:00,69399.703125,1516.9599609375,159.73800659179688,90.93000030517578,4557.60009765625,99.08399963378906
2026-06-02 12:05:00+00:00,69245.9921875,1516.9100341796875,159.73500061035156,90.91000366210938,4555.7998046875,99.0770034790039
2026-06-02 12:06:00+00:00,69311.9921875,1517.0799560546875,159.73699951171875,90.9000015258789,4555.60009765625,99.0790023803711
2026-06-02 12:07:00+00:00,69369.421875,1516.550048828125,159.74099731445312,90.91000366210938,4556.60009765625,99.08300018310547
2026-06-02 12:08:00+00:00,69350.1171875,1516.6199951171875,159.73699951171875,90.86000061035156,4557.2998046875,99.0780029296875
2026-06-02 12:09:00+00:00,69364.9375,1516.5799560546875,159.73699951171875,90.88999938964844,4556.89990234375,99.08499908447266
2026-06-02 12:10:00+00:00,69282.03125,1516.5799560546875,159.74600219726562,90.87999725341797,4556.2001953125,99.08999633789062
2026-06-02 12:11:00+00:00,69298.1484375,1516.6800537109375,159.73800659179688,90.86000061035156,4556.60009765625,99.08699798583984
2026-06-02 12:12:00+00:00,69278.546875,1516.5799560546875,159.74099731445312,90.80000305175781,4557.0,99.08999633789062
2026-06-02 12:13:00+00:00,69241.3984375,1516.5799560546875,159.73899841308594,90.7699966430664,4557.2998046875,99.08799743652344
2026-06-02 12:14:00+00:00,69246.546875,1516.550048828125,159.74600219726562,90.76000213623047,4556.10009765625,99.08899688720703
2026-06-02 12:15:00+00:00,69257.1875,1516.4200439453125,159.73899841308594,90.72000122070312,4553.89990234375,99.08899688720703
2026-06-02 12:16:00+00:00,69189.7265625,1516.3800048828125,159.74899291992188,90.66000366210938,4557.0,99.06999969482422
2026-06-02 12:17:00+00:00,69164.296875,1515.9300537109375,159.74400329589844,90.75,4556.5,99.07099914550781
2026-06-02 12:18:00+00:00,69139.7578125,1516.47998046875,159.7469940185547,90.61000061035156,4556.2998046875,99.06999969482422
2026-06-02 12:19:00+00:00,69133.90625,1516.050048828125,159.75,90.62000274658203,4556.39990234375,99.06600189208984
2026-06-02 12:20:00+00:00,69146.7109375,1516.3199462890625,159.74899291992188,90.70999908447266,4557.89990234375,99.06300354003906
2026-06-02 12:21:00+00:00,69229.9921875,1516.3800048828125,159.75999450683594,90.79000091552734,4561.2001953125,99.06400299072266
2026-06-02 12:22:00+00:00,69250.5234375,1516.0999755859375,159.75900268554688,90.91000366210938,4561.7001953125,99.06700134277344
2026-06-02 12:23:00+00:00,69313.2578125,1516.2900390625,159.75999450683594,90.98999786376953,4559.7001953125,99.06700134277344
2026-06-02 12:24:00+00:00,69297.4921875,1516.4100341796875,159.7550048828125,90.91999816894531,4561.0,99.072998046875
2026-06-02 12:25:00+00:00,69302.4609375,1516.02001953125,159.7469940185547,90.94999694824219,4562.7998046875,99.06400299072266
2026-06-02 12:26:00+00:00,69268.671875,1516.43994140625,159.7480010986328,91.02999877929688,4559.39990234375,99.06999969482422
2026-06-02 12:27:00+00:00,69216.09375,1516.1800537109375,159.75900268554688,91.02999877929688,4558.7001953125,99.07099914550781
2026-06-02 12:28:00+00:00,69177.0,1515.969970703125,159.7530059814453,90.87999725341797,4558.2998046875,99.06999969482422
2026-06-02 12:29:00+00:00,69177.03125,1515.3800048828125,159.75599670410156,90.79000091552734,4559.0,99.06900024414062
2026-06-02 12:30:00+00:00,69121.140625,1515.3800048828125,159.75599670410156,91.0999984741211,4552.7998046875,99.08000183105469
2026-06-02 12:31:00+00:00,69125.28125,1516.43994140625,159.76199340820312,91.02999877929688,4555.7001953125,99.08699798583984
2026-06-02 12:32:00+00:00,69087.6796875,1516.1500244140625,159.77000427246094,91.05000305175781,4556.0,99.08899688720703
2026-06-02 12:33:00+00:00,69057.1015625,1516.280029296875,159.77000427246094,91.08000183105469,4556.89990234375,99.0770034790039
2026-06-02 12:34:00+00:00,69075.71875,1516.1099853515625,159.76600646972656,91.0999984741211,4557.5,99.06800079345703
2026-06-02 12:35:00+00:00,69072.1796875,1516.0999755859375,159.7519989013672,91.05000305175781,4563.10009765625,99.05999755859375
2026-06-02 12:36:00+00:00,69051.796875,1515.93994140625,159.76100158691406,91.23999786376953,4559.5,99.06300354003906
2026-06-02 12:37:00+00:00,69030.0,1516.1800537109375,159.77200317382812,91.55999755859375,4553.39990234375,99.07499694824219
2026-06-02 12:38:00+00:00,69015.8671875,1516.1400146484375,159.76699829101562,91.37000274658203,4554.0,99.07499694824219
2026-06-02 12:39:00+00:00,68999.8125,1516.1300048828125,159.76199340820312,91.31999969482422,4554.7998046875,99.07099914550781
2026-06-02 12:40:00+00:00,69063.5078125,1516.239990234375,159.76499938964844,91.16999816894531,4556.0,99.06600189208984
2026-06-02 12:41:00+00:00,69113.3125,1516.3199462890625,159.76499938964844,91.13999938964844,4556.2001953125,99.06900024414062
2026-06-02 12:42:00+00:00,69101.96875,1516.780029296875,159.7729949951172,91.2300033569336,4554.89990234375,99.06999969482422
2026-06-02 12:43:00+00:00,69119.8203125,1516.6800537109375,159.77099609375,91.37000274658203,4554.0,99.08100128173828
2026-06-02 12:44:00+00:00,69104.4375,1516.4599609375,159.7760009765625,91.2300033569336,4554.60009765625,99.08000183105469
2026-06-02 12:45:00+00:00,69092.0078125,1516.6300048828125,159.76100158691406,91.12999725341797,4554.7998046875,99.08000183105469
2026-06-02 12:46:00+00:00,69093.65625,1516.22998046875,159.76400756835938,91.2699966430664,4552.39990234375,99.08200073242188
2026-06-02 12:47:00+00:00,69021.7890625,1516.4100341796875,159.77000427246094,91.20999908447266,4550.7001953125,99.08200073242188
2026-06-02 12:48:00+00:00,69032.0,1516.47998046875,159.76400756835938,91.20999908447266,4552.7001953125,99.08000183105469
2026-06-02 12:49:00+00:00,69022.671875,1516.3900146484375,159.77200317382812,91.26000213623047,4550.0,99.08799743652344
2026-06-02 12:50:00+00:00,69009.8984375,1516.3399658203125,159.77200317382812,91.20999908447266,4549.10009765625,99.08499908447266
2026-06-02 12:51:00+00:00,68988.0,1516.3599853515625,159.7779998779297,91.2300033569336,4549.2998046875,99.08899688720703
2026-06-02 12:52:00+00:00,68970.203125,1516.5799560546875,159.77000427246094,91.18000030517578,4547.10009765625,99.08799743652344
2026-06-02 12:53:00+00:00,68997.4375,1516.4300537109375,159.7760009765625,91.11000061035156,4546.2998046875,99.08599853515625
2026-06-02 12:54:00+00:00,68959.4921875,1516.4100341796875,159.76800537109375,91.05000305175781,4544.39990234375,99.08899688720703
2026-06-02 12:55:00+00:00,68973.96875,1516.4200439453125,159.7760009765625,91.11000061035156,4544.2998046875,99.08399963378906
2026-06-02 12:56:00+00:00,68949.609375,1516.780029296875,159.77699279785156,91.18000030517578,4545.7001953125,99.08599853515625
2026-06-02 12:57:00+00:00,68959.609375,1516.949951171875,159.781005859375,91.12999725341797,4546.2998046875,99.08899688720703
2026-06-02 12:58:00+00:00,68986.6171875,1516.6099853515625,159.7760009765625,91.16999816894531,4543.5,99.08899688720703
2026-06-02 12:59:00+00:00,68924.9375,1516.8199462890625,159.7779998779297,91.13999938964844,4544.0,99.08499908447266
2026-06-02 13:00:00+00:00,68861.796875,1516.97998046875,159.77699279785156,91.37999725341797,4545.39990234375,99.08300018310547
2026-06-02 13:01:00+00:00,68924.53125,1517.0799560546875,159.77699279785156,91.20999908447266,4545.7998046875,99.07499694824219
2026-06-02 13:02:00+00:00,69048.3125,1516.780029296875,159.77999877929688,91.30000305175781,4547.7001953125,99.072998046875
2026-06-02 13:03:00+00:00,68994.8984375,1516.9200439453125,159.7760009765625,91.47000122070312,4548.10009765625,99.07599639892578
2026-06-02 13:04:00+00:00,68993.6015625,1516.8599853515625,159.77699279785156,91.33999633789062,4549.7001953125,99.0739974975586
2026-06-02 13:05:00+00:00,68998.0234375,1516.8800048828125,159.77200317382812,91.16999816894531,4551.2998046875,99.07499694824219
2026-06-02 13:06:00+00:00,68918.7734375,1516.77001953125,159.76499938964844,91.30999755859375,4550.7998046875,99.07099914550781
2026-06-02 13:07:00+00:00,68946.546875,1517.280029296875,159.77200317382812,91.41000366210938,4549.7001953125,99.07099914550781
2026-06-02 13:08:00+00:00,68921.9921875,1517.8800048828125,159.78799438476562,91.87000274658203,4545.10009765625,99.09500122070312
2026-06-02 13:09:00+00:00,68900.3125,1517.4100341796875,159.7760009765625,91.83999633789062,4546.0,99.09300231933594
2026-06-02 13:10:00+00:00,68951.59375,1517.3900146484375,159.7729949951172,91.69999694824219,4545.7998046875,99.08100128173828
2026-06-02 13:11:00+00:00,68928.078125,1517.93994140625,159.77000427246094,91.5999984741211,4546.0,99.07499694824219
2026-06-02 13:12:00+00:00,68872.8984375,1518.0799560546875,159.7689971923828,91.80999755859375,4542.7001953125,99.08399963378906
2026-06-02 13:13:00+00:00,68817.0390625,1517.780029296875,159.77000427246094,91.80000305175781,4543.10009765625,99.08899688720703
2026-06-02 13:14:00+00:00,68803.171875,1517.739990234375,159.77000427246094,91.7300033569336,4543.5,99.08899688720703
2026-06-02 13:15:00+00:00,68795.109375,1517.6800537109375,159.7729949951172,91.83999633789062,4543.2001953125,99.09100341796875
2026-06-02 13:16:00+00:00,68865.078125,1518.0,159.77200317382812,91.77999877929688,4544.10009765625,99.08399963378906
2026-06-02 13:17:00+00:00,68870.1328125,1517.9000244140625,159.78199768066406,91.66999816894531,4544.89990234375,99.08899688720703
2026-06-02 13:18:00+00:00,68910.6875,1517.800048828125,159.78399658203125,91.66000366210938,4543.0,99.09200286865234
2026-06-02 13:19:00+00:00,68879.1328125,1517.5400390625,159.7830047607422,91.80999755859375,4542.10009765625,99.09200286865234
2026-06-02 13:20:00+00:00,68923.9921875,1517.52001953125,159.7760009765625,91.77999877929688,4543.0,99.09100341796875
2026-06-02 13:21:00+00:00,68939.8203125,1517.469970703125,159.78199768066406,91.73999786376953,4540.39990234375,99.0979995727539
2026-06-02 13:22:00+00:00,68987.0703125,1518.010009765625,159.78199768066406,91.80000305175781,4540.7001953125,99.10199737548828
2026-06-02 13:23:00+00:00,68982.7890625,1517.1400146484375,159.78199768066406,91.81999969482422,4541.0,99.09500122070312
2026-06-02 13:24:00+00:00,68949.5,1517.31005859375,159.7790069580078,91.79000091552734,4542.39990234375,99.08200073242188
2026-06-02 13:25:00+00:00,68909.96875,1517.3199462890625,159.78799438476562,91.94000244140625,4542.7001953125,99.08799743652344
2026-06-02 13:26:00+00:00,68946.109375,1517.3699951171875,159.7779998779297,91.94999694824219,4543.7998046875,99.08699798583984
2026-06-02 13:27:00+00:00,68954.3984375,1517.4000244140625,159.7790069580078,91.91999816894531,4542.7001953125,99.09600067138672
2026-06-02 13:28:00+00:00,68918.0,1517.780029296875,159.78500366210938,92.0,4542.0,99.10299682617188
2026-06-02 13:29:00+00:00,68906.25,1517.719970703125,159.79800415039062,92.16000366210938,4540.10009765625,99.10800170898438
2026-06-02 13:30:00+00:00,68909.9765625,1517.6199951171875,159.78700256347656,92.25,4538.0,99.10800170898438
2026-06-02 13:31:00+00:00,68952.71875,1517.8800048828125,159.78399658203125,92.19000244140625,4538.2998046875,99.09400177001953
2026-06-02 13:32:00+00:00,68842.4296875,1517.7099609375,159.78500366210938,92.37000274658203,4538.0,99.10800170898438
2026-06-02 13:33:00+00:00,68830.921875,1517.6600341796875,159.78399658203125,92.33999633789062,4537.7001953125,99.10700225830078
2026-06-02 13:34:00+00:00,68855.2109375,1517.6300048828125,159.7899932861328,92.36000061035156,4537.60009765625,99.10900115966797
2026-06-02 13:35:00+00:00,68827.0703125,1517.56005859375,159.78599548339844,92.11000061035156,4540.10009765625,99.09700012207031
2026-06-02 13:36:00+00:00,68794.9921875,1517.43994140625,159.78500366210938,92.1500015258789,4538.2001953125,99.0999984741211
2026-06-02 13:37:00+00:00,68764.5703125,1517.0799560546875,159.78399658203125,92.19000244140625,4536.89990234375,99.08499908447266
2026-06-02 13:38:00+00:00,68752.6796875,1516.8800048828125,159.78599548339844,92.08000183105469,4538.39990234375,99.08899688720703
2026-06-02 13:39:00+00:00,68764.1796875,1516.3399658203125,159.78900146484375,92.06999969482422,4540.10009765625,99.08999633789062
2026-06-02 13:40:00+00:00,68699.453125,1515.6800537109375,159.78599548339844,92.05999755859375,4543.2001953125,99.08499908447266
2026-06-02 13:41:00+00:00,68798.9609375,1515.6800537109375,159.78399658203125,91.98999786376953,4541.89990234375,99.09600067138672
2026-06-02 13:42:00+00:00,68844.0,1515.6500244140625,159.78900146484375,92.08999633789062,4540.5,99.0989990234375
2026-06-02 13:43:00+00:00,68773.7734375,1515.6199951171875,159.78799438476562,92.19000244140625,4539.7998046875,99.10600280761719
2026-06-02 13:44:00+00:00,68763.4609375,1515.6099853515625,159.80099487304688,92.23999786376953,4538.0,99.11399841308594
2026-06-02 13:45:00+00:00,68830.9296875,1515.4599609375,159.78700256347656,92.26000213623047,4538.89990234375,99.11399841308594
2026-06-02 13:46:00+00:00,68757.71875,1515.800048828125,159.78700256347656,92.13999938964844,4538.2001953125,99.11599731445312
2026-06-02 13:47:00+00:00,68781.9609375,1516.030029296875,159.802001953125,92.16000366210938,4537.89990234375,99.12699890136719
2026-06-02 13:48:00+00:00,68791.859375,1516.0,159.80099487304688,92.16999816894531,4538.60009765625,99.13400268554688
2026-06-02 13:49:00+00:00,68768.640625,1516.0799560546875,159.79299926757812,92.2300033569336,4539.2001953125,99.12999725341797
2026-06-02 13:50:00+00:00,68745.40625,1516.3199462890625,159.81300354003906,92.16000366210938,4543.10009765625,99.13300323486328
2026-06-02 13:51:00+00:00,68678.8125,1515.9599609375,159.8179931640625,92.36000061035156,4538.89990234375,99.14099884033203
2026-06-02 13:52:00+00:00,68664.453125,1516.3800048828125,159.8260040283203,92.30000305175781,4538.5,99.14700317382812
2026-06-02 13:53:00+00:00,68695.5390625,1515.9300537109375,159.8159942626953,92.0999984741211,4539.0,99.14199829101562
2026-06-02 13:54:00+00:00,68659.109375,1516.280029296875,159.81500244140625,92.19999694824219,4533.89990234375,99.1520004272461
2026-06-02 13:55:00+00:00,68667.59375,1516.3800048828125,159.8090057373047,92.2300033569336,4534.5,99.14399719238281
2026-06-02 13:56:00+00:00,68700.0,1515.9100341796875,159.8090057373047,92.13999938964844,4533.89990234375,99.13400268554688
2026-06-02 13:57:00+00:00,68663.546875,1515.949951171875,159.80099487304688,92.16000366210938,4534.2998046875,99.1259994506836
2026-06-02 13:58:00+00:00,68634.0078125,1516.3299560546875,159.802001953125,92.12999725341797,4534.0,99.12200164794922
2026-06-02 13:59:00+00:00,68668.3828125,1516.18994140625,159.7740020751953,92.27999877929688,4532.10009765625,99.12200164794922
2026-06-02 14:00:00+00:00,68611.8515625,1516.4300537109375,159.83999633789062,92.2699966430664,4532.0,99.16600036621094
2026-06-02 14:01:00+00:00,68557.5,1516.0999755859375,159.83799743652344,92.29000091552734,4532.39990234375,99.15399932861328
2026-06-02 14:02:00+00:00,68567.953125,1516.0799560546875,159.83099365234375,92.27999877929688,4534.2001953125,99.14600372314453
2026-06-02 14:03:00+00:00,68528.109375,1515.8800048828125,159.83900451660156,92.25,4533.5,99.1500015258789
2026-06-02 14:04:00+00:00,68495.8203125,1516.0799560546875,159.85000610351562,92.25,4531.7998046875,99.15499877929688
2026-06-02 14:05:00+00:00,68525.5625,1515.8599853515625,159.83799743652344,92.1500015258789,4534.0,99.15499877929688
2026-06-02 14:06:00+00:00,68566.0078125,1516.0799560546875,159.85000610351562,92.18000030517578,4532.0,99.15599822998047
2026-06-02 14:07:00+00:00,68505.9375,1516.0400390625,159.8520050048828,92.3499984741211,4531.60009765625,99.15599822998047
2026-06-02 14:08:00+00:00,68403.2890625,1516.0799560546875,159.84800720214844,92.30000305175781,4533.10009765625,99.15499877929688
2026-06-02 14:09:00+00:00,68342.71875,1515.6199951171875,159.8470001220703,92.30000305175781,4532.39990234375,99.15299987792969
2026-06-02 14:10:00+00:00,68254.9609375,1515.5699462890625,159.83900451660156,92.26000213623047,4533.39990234375,99.14800262451172
2026-06-02 14:11:00+00:00,68343.7890625,1515.7099609375,159.84300231933594,92.0999984741211,4536.0,99.14099884033203
2026-06-02 14:12:00+00:00,68497.828125,1515.6500244140625,159.83799743652344,92.12000274658203,4534.0,99.13899993896484
2026-06-02 14:13:00+00:00,68485.7421875,1515.4599609375,159.83999633789062,92.0199966430664,4535.10009765625,99.1449966430664
2026-06-02 14:14:00+00:00,68445.84375,1515.47998046875,159.83700561523438,92.02999877929688,4533.5,99.14299774169922
2026-06-02 14:15:00+00:00,68382.0,1515.989990234375,159.83799743652344,92.02999877929688,4531.7998046875,99.14299774169922
2026-06-02 14:16:00+00:00,68377.4609375,1515.9300537109375,159.82699584960938,91.95999908447266,4529.10009765625,99.13400268554688
2026-06-02 14:17:00+00:00,68354.046875,1515.780029296875,159.83900451660156,92.0199966430664,4523.39990234375,99.14800262451172
2026-06-02 14:18:00+00:00,68223.34375,1516.27001953125,159.85000610351562,92.20999908447266,4524.2998046875,99.15399932861328
2026-06-02 14:19:00+00:00,68189.9609375,1516.280029296875,159.85299682617188,91.9800033569336,4525.60009765625,99.16000366210938
2026-06-02 14:20:00+00:00,68168.1484375,1516.1500244140625,159.86099243164062,91.95999908447266,4524.60009765625,99.16400146484375
2026-06-02 14:21:00+00:00,68113.9609375,1516.0699462890625,159.86099243164062,92.2699966430664,4522.7001953125,99.16899871826172
2026-06-02 14:22:00+00:00,67994.5234375,1516.47998046875,159.86599731445312,92.38999938964844,4520.89990234375,99.17400360107422
2026-06-02 14:23:00+00:00,67906.8984375,1516.3900146484375,159.86300659179688,92.29000091552734,4521.39990234375,99.17500305175781
2026-06-02 14:24:00+00:00,67895.53125,1516.93994140625,159.86199951171875,92.36000061035156,4522.5,99.177001953125
2026-06-02 14:25:00+00:00,67869.7265625,1516.6800537109375,159.85400390625,92.23999786376953,4524.60009765625,99.16600036621094
2026-06-02 14:26:00+00:00,67793.9921875,1516.4200439453125,159.8520050048828,92.18000030517578,4525.7001953125,99.16000366210938
2026-06-02 14:27:00+00:00,67647.9921875,1516.93994140625,159.86500549316406,92.19999694824219,4523.7001953125,99.16899871826172
2026-06-02 14:28:00+00:00,67798.03125,1517.3800048828125,159.86000061035156,92.20999908447266,4525.0,99.16000366210938
2026-06-02 14:29:00+00:00,67749.0078125,1517.2099609375,159.86399841308594,92.1500015258789,4524.89990234375,99.16000366210938
2026-06-02 14:30:00+00:00,67793.7890625,1517.0400390625,159.85899353027344,91.86000061035156,4525.39990234375,99.1510009765625
2026-06-02 14:31:00+00:00,67842.8828125,1517.3299560546875,159.85499572753906,91.91999816894531,4526.7001953125,99.14800262451172
2026-06-02 14:32:00+00:00,67909.7734375,1517.1800537109375,159.8520050048828,91.97000122070312,4528.5,99.13899993896484
2026-06-02 14:33:00+00:00,67958.453125,1516.9000244140625,159.85800170898438,91.93000030517578,4528.7001953125,99.13800048828125
2026-06-02 14:34:00+00:00,67910.1796875,1516.77001953125,159.85000610351562,91.91000366210938,4528.89990234375,99.13099670410156
2026-06-02 14:35:00+00:00,68023.5625,1516.989990234375,159.8520050048828,91.79000091552734,4531.39990234375,99.125
2026-06-02 14:36:00+00:00,68074.3828125,1516.8900146484375,159.8470001220703,91.8499984741211,4531.2001953125,99.11699676513672
2026-06-02 14:37:00+00:00,68064.59375,1517.0400390625,159.83900451660156,91.77999877929688,4533.10009765625,99.10399627685547
2026-06-02 14:38:00+00:00,68063.34375,1516.550048828125,159.8300018310547,91.72000122070312,4532.7998046875,99.11199951171875
2026-06-02 14:39:00+00:00,67928.828125,1516.6800537109375,159.822998046875,91.81999969482422,4532.2001953125,99.11199951171875
2026-06-02 14:40:00+00:00,67843.28125,1516.530029296875,159.82400512695312,91.81999969482422,4530.7001953125,99.1050033569336
2026-06-02 14:41:00+00:00,67814.1875,1516.780029296875,159.8159942626953,91.72000122070312,4532.7001953125,99.08799743652344
2026-06-02 14:42:00+00:00,67765.640625,1516.780029296875,159.8179931640625,91.80999755859375,4531.2001953125,99.08399963378906
2026-06-02 14:43:00+00:00,67800.4296875,1516.4599609375,159.81700134277344,91.79000091552734,4532.39990234375,99.08999633789062
2026-06-02 14:44:00+00:00,67869.390625,1516.489990234375,159.8249969482422,91.88999938964844,4533.7001953125,99.0989990234375
2026-06-02 14:45:00+00:00,67979.7890625,1516.47998046875,159.83900451660156,91.83000183105469,4534.2001953125,99.10600280761719
2026-06-02 14:46:00+00:00,68058.0,1516.5400390625,159.8419952392578,91.80999755859375,4535.10009765625,99.10299682617188
2026-06-02 14:47:00+00:00,68024.8671875,1516.4300537109375,159.83799743652344,91.81999969482422,4535.0,99.11100006103516
2026-06-02 14:48:00+00:00,68094.8125,1516.6500244140625,159.84800720214844,92.05000305175781,4533.2998046875,99.11100006103516
2026-06-02 14:49:00+00:00,68088.6484375,1516.6800537109375,159.83799743652344,92.02999877929688,4533.10009765625,99.10600280761719
2026-06-02 14:50:00+00:00,68054.1796875,1516.510009765625,159.85899353027344,92.0,4531.7001953125,99.12000274658203
2026-06-02 14:51:00+00:00,68119.8984375,1516.550048828125,159.84100341796875,91.94000244140625,4532.5,99.12200164794922
2026-06-02 14:52:00+00:00,68084.9765625,1516.6800537109375,159.843994140625,91.9800033569336,4532.2998046875,99.11100006103516
2026-06-02 14:53:00+00:00,68000.328125,1516.6800537109375,159.84100341796875,91.95999908447266,4532.5,99.12799835205078
2026-06-02 14:54:00+00:00,67952.0390625,1516.489990234375,159.84800720214844,91.95999908447266,4533.89990234375,99.125
2026-06-02 14:55:00+00:00,67970.0234375,1516.3399658203125,159.84500122070312,92.04000091552734,4533.0,99.11699676513672
2026-06-02 14:56:00+00:00,67962.0390625,1516.489990234375,159.83900451660156,92.0199966430664,4534.60009765625,99.10399627685547
2026-06-02 14:57:00+00:00,67962.9609375,1516.469970703125,159.86700439453125,91.9800033569336,4532.60009765625,99.11499786376953
2026-06-02 14:58:00+00:00,67894.671875,1516.6199951171875,159.86500549316406,92.0,4530.89990234375,99.12300109863281
2026-06-02 14:59:00+00:00,67870.390625,1516.469970703125,159.85899353027344,91.91999816894531,4533.7001953125,99.12699890136719
2026-06-02 15:00:00+00:00,67839.21875,1516.9000244140625,159.86300659179688,91.83000183105469,4535.60009765625,99.12000274658203
2026-06-02 15:01:00+00:00,67762.6328125,1516.77001953125,159.86199951171875,91.87999725341797,4534.10009765625,99.12200164794922
2026-06-02 15:02:00+00:00,67738.09375,1516.56005859375,159.86399841308594,91.83000183105469,4534.7998046875,99.13200378417969
2026-06-02 15:03:00+00:00,67712.140625,1516.6800537109375,159.86900329589844,91.80000305175781,4534.0,99.13999938964844
2026-06-02 15:04:00+00:00,67787.03125,1516.780029296875,159.86500549316406,91.80999755859375,4532.39990234375,99.13899993896484
2026-06-02 15:05:00+00:00,67823.921875,1516.6300048828125,159.8699951171875,91.87000274658203,4532.7998046875,99.14700317382812
2026-06-02 15:06:00+00:00,67813.0625,1516.780029296875,159.86199951171875,91.69999694824219,4535.5,99.13300323486328
2026-06-02 15:07:00+00:00,67877.0,1516.469970703125,159.86099243164062,91.62999725341797,4537.10009765625,99.1259994506836
2026-06-02 15:08:00+00:00,67889.5234375,1516.449951171875,159.86000061035156,91.5999984741211,4536.7001953125,99.11900329589844
2026-06-02 15:09:00+00:00,67849.140625,1516.3599853515625,159.86099243164062,91.54000091552734,4536.10009765625,99.12300109863281
2026-06-02 15:10:00+00:00,67757.8515625,1516.6199951171875,159.86500549316406,91.55999755859375,4536.5,99.12200164794922
2026-06-02 15:11:00+00:00,67822.0078125,1516.5699462890625,159.87100219726562,91.61000061035156,4534.7001953125,99.125
2026-06-02 15:12:00+00:00,67710.328125,1516.800048828125,159.87100219726562,91.66999816894531,4532.5,99.13600158691406
2026-06-02 15:13:00+00:00,67688.0234375,1516.4599609375,159.87399291992188,91.73999786376953,4532.2001953125,99.12999725341797
2026-06-02 15:14:00+00:00,67709.9296875,1516.6700439453125,159.87899780273438,91.7699966430664,4533.0,99.13099670410156
2026-06-02 15:15:00+00:00,67610.9375,1516.550048828125,159.87600708007812,91.69000244140625,4533.39990234375,99.13099670410156
2026-06-02 15:16:00+00:00,67570.609375,1516.4200439453125,159.8769989013672,91.68000030517578,4533.39990234375,99.1259994506836
2026-06-02 15:17:00+00:00,67526.3984375,1516.4200439453125,159.87600708007812,91.62999725341797,4533.89990234375,99.12999725341797
2026-06-02 15:18:00+00:00,67623.8828125,1516.7099609375,159.88400268554688,91.62000274658203,4533.89990234375,99.13200378417969
2026-06-02 15:19:00+00:00,67540.890625,1516.530029296875,159.8730010986328,91.58999633789062,4533.89990234375,99.125
2026-06-02 15:20:00+00:00,67577.109375,1516.280029296875,159.86900329589844,91.58999633789062,4534.7001953125,99.12100219726562
2026-06-02 15:21:00+00:00,67511.9921875,1516.3699951171875,159.86399841308594,91.5999984741211,4534.7001953125,99.11199951171875
2026-06-02 15:22:00+00:00,67562.328125,1516.0400390625,159.8730010986328,91.5999984741211,4534.39990234375,99.10600280761719
2026-06-02 15:23:00+00:00,67433.2578125,1516.219970703125,159.86700439453125,91.66000366210938,4532.2001953125,99.10900115966797
2026-06-02 15:24:00+00:00,67454.96875,1516.3199462890625,159.86199951171875,91.62000274658203,4533.5,99.10900115966797
2026-06-02 15:25:00+00:00,67417.3828125,1516.3699951171875,159.8730010986328,91.56999969482422,4534.39990234375,99.12200164794922
2026-06-02 15:26:00+00:00,67380.4609375,1517.06005859375,159.87600708007812,91.70999908447266,4534.2998046875,99.13899993896484
2026-06-02 15:27:00+00:00,67429.0,1516.8399658203125,159.88499450683594,91.7300033569336,4535.0,99.14299774169922
2026-06-02 15:28:00+00:00,67385.0078125,1517.239990234375,159.88699340820312,91.81999969482422,4533.5,99.15899658203125
2026-06-02 15:29:00+00:00,67336.1796875,1516.8800048828125,159.88600158691406,91.80000305175781,4534.89990234375,99.15899658203125
2026-06-02 15:30:00+00:00,67150.0,1517.2099609375,159.88400268554688,91.94000244140625,4533.2998046875,99.1510009765625
2026-06-02 15:31:00+00:00,67267.7265625,1517.2099609375,159.89599609375,91.98999786376953,4534.7001953125,99.15599822998047
2026-06-02 15:32:00+00:00,67255.0078125,1517.219970703125,159.88900756835938,92.0,4534.0,99.16100311279297
2026-06-02 15:33:00+00:00,67257.9921875,1517.239990234375,159.89300537109375,92.11000061035156,4535.2998046875,99.15599822998047
2026-06-02 15:34:00+00:00,67115.21875,1517.3900146484375,159.89100646972656,92.12000274658203,4535.7998046875,99.15499877929688
2026-06-02 15:35:00+00:00,67165.3203125,1517.3800048828125,159.88800048828125,92.0999984741211,4537.7001953125,99.1510009765625
2026-06-02 15:36:00+00:00,67025.609375,1516.780029296875,159.8719940185547,92.13999938964844,4537.5,99.14800262451172
2026-06-02 15:37:00+00:00,66959.1484375,1517.02001953125,159.875,92.1500015258789,4536.7998046875,99.14099884033203
2026-06-02 15:38:00+00:00,67005.9921875,1516.280029296875,159.8679962158203,92.0999984741211,4535.89990234375,99.14700317382812
2026-06-02 15:39:00+00:00,67058.140625,1516.0799560546875,159.8769989013672,92.12000274658203,4534.10009765625,99.14800262451172
2026-06-02 15:40:00+00:00,67137.78125,1516.9599609375,159.88999938964844,92.30999755859375,4531.5,99.1520004272461
2026-06-02 15:41:00+00:00,67108.296875,1517.050048828125,159.89100646972656,92.26000213623047,4531.5,99.14800262451172
2026-06-02 15:42:00+00:00,67184.0078125,1516.8800048828125,159.8939971923828,92.20999908447266,4532.2001953125,99.14900207519531
2026-06-02 15:43:00+00:00,67127.1484375,1516.9000244140625,159.8730010986328,92.19999694824219,4532.7001953125,99.14299774169922
2026-06-02 15:44:00+00:00,67132.546875,1516.6500244140625,159.88600158691406,92.37999725341797,4531.7001953125,99.13899993896484
2026-06-02 15:45:00+00:00,67276.7890625,1517.3599853515625,159.88800048828125,92.48999786376953,4532.10009765625,99.14199829101562
2026-06-02 15:46:00+00:00,67310.0,1517.1199951171875,159.89300537109375,92.4000015258789,4533.10009765625,99.13700103759766
2026-06-02 15:47:00+00:00,67175.1875,1517.3299560546875,159.88900756835938,92.3499984741211,4535.5,99.13099670410156
2026-06-02 15:48:00+00:00,67100.34375,1517.2900390625,159.88299560546875,92.54000091552734,4534.5,99.12799835205078
2026-06-02 15:49:00+00:00,67039.859375,1517.1400146484375,159.88499450683594,92.55000305175781,4535.2001953125,99.12999725341797
2026-06-02 15:50:00+00:00,67017.5,1517.2099609375,159.88499450683594,92.66000366210938,4533.7001953125,99.13400268554688
2026-06-02 15:51:00+00:00,67048.4921875,1517.43994140625,159.8800048828125,92.6500015258789,4534.2001953125,99.12899780273438
2026-06-02 15:52:00+00:00,67062.5,1517.18994140625,159.8780059814453,92.70999908447266,4532.89990234375,99.12999725341797
2026-06-02 15:53:00+00:00,66986.0,1517.1800537109375,159.88400268554688,92.80999755859375,4533.5,99.12899780273438
2026-06-02 15:54:00+00:00,67034.0078125,1517.199951171875,159.87899780273438,92.8499984741211,4533.2001953125,99.12999725341797
2026-06-02 15:55:00+00:00,67099.0,1517.219970703125,159.88800048828125,92.87000274658203,4532.60009765625,99.13400268554688
2026-06-02 15:56:00+00:00,67149.8828125,1517.27001953125,159.88900756835938,92.93000030517578,4532.0,99.13300323486328
2026-06-02 15:57:00+00:00,67160.8828125,1517.0999755859375,159.89300537109375,93.0,4531.10009765625,99.13300323486328
2026-06-02 15:58:00+00:00,67155.921875,1516.8199462890625,159.87399291992188,92.91000366210938,4531.89990234375,99.12899780273438
2026-06-02 15:59:00+00:00,67169.296875,1516.949951171875,159.87399291992188,92.86000061035156,4531.7001953125,99.12999725341797
2026-06-02 16:00:00+00:00,67163.0,1517.0799560546875,159.88099670410156,92.88999938964844,4531.0,99.1510009765625
2026-06-02 16:01:00+00:00,67106.34375,1517.5799560546875,159.8820037841797,92.9800033569336,4530.60009765625,99.15599822998047
2026-06-02 16:02:00+00:00,67189.6171875,1517.3599853515625,159.88400268554688,92.87999725341797,4531.2001953125,99.15299987792969
2026-06-02 16:03:00+00:00,67194.140625,1517.5999755859375,159.88099670410156,92.94999694824219,4529.89990234375,99.15499877929688
2026-06-02 16:04:00+00:00,67301.2109375,1517.8800048828125,159.88900756835938,92.87000274658203,4530.2001953125,99.15299987792969
2026-06-02 16:05:00+00:00,67331.7890625,1517.699951171875,159.88699340820312,92.86000061035156,4529.39990234375,99.1520004272461
2026-06-02 16:06:00+00:00,67289.8828125,1517.9000244140625,159.89199829101562,92.94999694824219,4527.89990234375,99.15299987792969
2026-06-02 16:07:00+00:00,67363.5390625,1517.8800048828125,159.88099670410156,92.58000183105469,4531.2001953125,99.14199829101562
2026-06-02 16:08:00+00:00,67380.84375,1518.0799560546875,159.8939971923828,92.5999984741211,4529.60009765625,99.1520004272461
2026-06-02 16:09:00+00:00,67439.453125,1518.1700439453125,159.89199829101562,92.62999725341797,4531.2998046875,99.15699768066406
2026-06-02 16:10:00+00:00,67470.6875,1518.5,159.8939971923828,92.69999694824219,4530.60009765625,99.15799713134766
2026-06-02 16:11:00+00:00,67569.4765625,1517.7900390625,159.875,92.62999725341797,4529.89990234375,99.15299987792969
2026-06-02 16:12:00+00:00,67695.0234375,1518.1400146484375,159.88699340820312,92.76000213623047,4528.5,99.15499877929688
2026-06-02 16:13:00+00:00,67787.90625,1517.81005859375,159.88099670410156,92.69999694824219,4528.7998046875,99.15299987792969
2026-06-02 16:14:00+00:00,67788.6015625,1518.5799560546875,159.88800048828125,92.76000213623047,4527.2998046875,99.14900207519531
2026-06-02 16:15:00+00:00,67758.96875,1517.7900390625,159.8800048828125,92.87999725341797,4526.60009765625,99.14700317382812
2026-06-02 16:16:00+00:00,67837.59375,1518.0699462890625,159.88499450683594,92.9800033569336,4525.5,99.15299987792969
2026-06-02 16:17:00+00:00,67827.140625,1518.239990234375,159.88099670410156,93.02999877929688,4525.5,99.15299987792969
2026-06-02 16:18:00+00:00,67971.3828125,1518.4100341796875,159.88699340820312,93.19000244140625,4524.2998046875,99.16000366210938
2026-06-02 16:19:00+00:00,67956.5625,1518.1600341796875,159.89500427246094,93.1500015258789,4524.2998046875,99.17500305175781
2026-06-02 16:20:00+00:00,67808.4921875,1517.8599853515625,159.89199829101562,93.13999938964844,4523.5,99.177001953125
2026-06-02 16:21:00+00:00,67717.4921875,1518.4000244140625,159.88900756835938,93.08000183105469,4522.39990234375,99.18599700927734
2026-06-02 16:22:00+00:00,67696.2265625,1518.6700439453125,159.88999938964844,93.05999755859375,4525.0,99.1780014038086
2026-06-02 16:23:00+00:00,67691.3203125,1518.0799560546875,159.89500427246094,93.06999969482422,4525.2998046875,99.1760025024414
2026-06-02 16:24:00+00:00,67700.8515625,1518.280029296875,159.88999938964844,93.02999877929688,4524.0,99.1760025024414
2026-06-02 16:25:00+00:00,67662.34375,1518.3599853515625,159.8979949951172,93.04000091552734,4522.39990234375,99.18099975585938
2026-06-02 16:26:00+00:00,67686.2421875,1518.81005859375,159.89999389648438,93.12999725341797,4520.2998046875,99.18499755859375
2026-06-02 16:27:00+00:00,67717.046875,1518.0999755859375,159.8979949951172,93.13999938964844,4521.0,99.18499755859375
2026-06-02 16:28:00+00:00,67678.3203125,1518.4599609375,159.9040069580078,93.13999938964844,4520.7998046875,99.19200134277344
2026-06-02 16:29:00+00:00,67721.6875,1518.6800537109375,159.9199981689453,93.19000244140625,4519.7001953125,99.2040023803711
2026-06-02 16:30:00+00:00,67710.0390625,1518.72998046875,159.9219970703125,93.16000366210938,4519.0,99.2030029296875
2026-06-02 16:31:00+00:00,67699.328125,1518.56005859375,159.9199981689453,93.25,4519.2001953125,99.1989974975586
2026-06-02 16:32:00+00:00,67673.7109375,1518.4300537109375,159.92999267578125,93.29000091552734,4519.2998046875,99.20099639892578
2026-06-02 16:33:00+00:00,67661.84375,1518.449951171875,159.92100524902344,93.26000213623047,4520.2001953125,99.20099639892578
2026-06-02 16:34:00+00:00,67663.03125,1518.6600341796875,159.93299865722656,93.31999969482422,4519.10009765625,99.20899963378906
2026-06-02 16:35:00+00:00,67667.15625,1518.9200439453125,159.9290008544922,93.23999786376953,4518.60009765625,99.20600128173828
2026-06-02 16:36:00+00:00,67544.0,1518.5899658203125,159.93800354003906,93.29000091552734,4517.2998046875,99.21199798583984
2026-06-02 16:37:00+00:00,67556.140625,1518.7099609375,159.93699645996094,93.2300033569336,4518.2001953125,99.20899963378906
2026-06-02 16:38:00+00:00,67488.0234375,1518.68994140625,159.9409942626953,93.23999786376953,4517.2001953125,99.21900177001953
2026-06-02 16:39:00+00:00,67489.40625,1518.6500244140625,159.93600463867188,93.30000305175781,4517.2001953125,99.2239990234375
2026-06-02 16:40:00+00:00,67530.0,1518.8199462890625,159.93600463867188,93.29000091552734,4516.60009765625,99.22200012207031
2026-06-02 16:41:00+00:00,67519.59375,1518.8599853515625,159.9429931640625,93.33000183105469,4518.2998046875,99.22799682617188
2026-06-02 16:42:00+00:00,67465.9921875,1518.6600341796875,159.93600463867188,93.36000061035156,4519.10009765625,99.2300033569336
2026-06-02 16:43:00+00:00,67521.0078125,1519.0,159.93600463867188,93.33000183105469,4518.2998046875,99.22799682617188
2026-06-02 16:44:00+00:00,67492.921875,1518.550048828125,159.93699645996094,93.30999755859375,4519.10009765625,99.2249984741211
2026-06-02 16:45:00+00:00,67560.6875,1518.68994140625,159.93800354003906,93.1500015258789,4519.2998046875,99.23500061035156
2026-06-02 16:46:00+00:00,67699.1015625,1518.5799560546875,159.9290008544922,93.16000366210938,4519.60009765625,99.22599792480469
2026-06-02 16:47:00+00:00,67570.78125,1518.3699951171875,159.9290008544922,93.16999816894531,4520.0,99.22100067138672
2026-06-02 16:48:00+00:00,67648.078125,1518.5400390625,159.93099975585938,93.19999694824219,4520.60009765625,99.2229995727539
2026-06-02 16:49:00+00:00,67626.84375,1518.43994140625,159.9250030517578,93.18000030517578,4520.5,99.22200012207031
2026-06-02 16:50:00+00:00,67583.0234375,1518.4300537109375,159.9250030517578,93.22000122070312,4521.0,99.21900177001953
2026-06-02 16:51:00+00:00,67525.0,1518.760009765625,159.92999267578125,93.22000122070312,4519.2001953125,99.22100067138672
2026-06-02 16:52:00+00:00,67442.0,1518.739990234375,159.9199981689453,93.2300033569336,4520.2001953125,99.2229995727539
2026-06-02 16:53:00+00:00,67461.2890625,1518.280029296875,159.9149932861328,93.20999908447266,4519.7001953125,99.2239990234375
2026-06-02 16:54:00+00:00,67425.1484375,1518.0699462890625,159.9080047607422,93.16999816894531,4518.89990234375,99.2249984741211
2026-06-02 16:55:00+00:00,67365.90625,1518.06005859375,159.90699768066406,93.20999908447266,4519.7998046875,99.2300033569336
2026-06-02 16:56:00+00:00,67438.5390625,1518.1199951171875,159.90199279785156,93.22000122070312,4519.7001953125,99.22699737548828
2026-06-02 16:57:00+00:00,67361.9921875,1516.97998046875,159.906005859375,93.19999694824219,4519.89990234375,99.2239990234375
2026-06-02 16:58:00+00:00,67315.2421875,1517.5,159.90899658203125,93.08000183105469,4520.5,99.22100067138672
2026-06-02 16:59:00+00:00,67295.2578125,1517.52001953125,159.90199279785156,93.12000274658203,4521.2998046875,99.22200012207031
2026-06-02 17:00:00+00:00,67338.0390625,1517.719970703125,159.89100646972656,92.98999786376953,4522.10009765625,99.21600341796875
2026-06-02 17:01:00+00:00,67429.46875,1517.6300048828125,159.9040069580078,92.95999908447266,4519.7001953125,99.21299743652344
2026-06-02 17:02:00+00:00,67446.15625,1517.9100341796875,159.9029998779297,93.0,4520.39990234375,99.22599792480469
2026-06-02 17:03:00+00:00,67385.84375,1518.010009765625,159.89100646972656,93.0199966430664,4520.0,99.22200012207031
2026-06-02 17:04:00+00:00,67400.1171875,1517.719970703125,159.8939971923828,93.02999877929688,4519.89990234375,99.22799682617188
2026-06-02 17:05:00+00:00,67481.671875,1518.0400390625,159.9010009765625,92.95999908447266,4521.0,99.23100280761719
2026-06-02 17:06:00+00:00,67436.828125,1517.6600341796875,159.8979949951172,93.16000366210938,4519.2001953125,99.23200225830078
2026-06-02 17:07:00+00:00,67349.9765625,1517.7099609375,159.91799926757812,93.25,4518.5,99.23500061035156
2026-06-02 17:08:00+00:00,67348.3125,1517.8299560546875,159.90699768066406,93.06999969482422,4519.89990234375,99.22899627685547
2026-06-02 17:09:00+00:00,67321.6796875,1517.97998046875,159.91200256347656,93.2699966430664,4516.7001953125,99.23999786376953
2026-06-02 17:10:00+00:00,67353.546875,1518.06005859375,159.9239959716797,93.36000061035156,4517.0,99.24600219726562
2026-06-02 17:11:00+00:00,67404.90625,1518.3199462890625,159.927001953125,93.38999938964844,4517.7001953125,99.25
2026-06-02 17:12:00+00:00,67376.828125,1518.56005859375,159.927001953125,93.30999755859375,4517.60009765625,99.24500274658203
2026-06-02 17:13:00+00:00,67356.0,1518.449951171875,159.91900634765625,93.23999786376953,4517.7001953125,99.24199676513672
2026-06-02 17:14:00+00:00,67374.59375,1518.4000244140625,159.9250030517578,93.27999877929688,4519.10009765625,99.24199676513672
2026-06-02 17:15:00+00:00,67332.5234375,1518.010009765625,159.92999267578125,93.33000183105469,4519.10009765625,99.23899841308594
2026-06-02 17:16:00+00:00,67403.1484375,1518.2099609375,159.9320068359375,93.48999786376953,4517.5,99.25
2026-06-02 17:17:00+00:00,67378.8203125,1518.0400390625,159.927001953125,93.5,4517.7001953125,99.24199676513672
2026-06-02 17:18:00+00:00,67410.6015625,1518.030029296875,159.93499755859375,93.48999786376953,4517.5,99.24199676513672
2026-06-02 17:19:00+00:00,67438.0,1518.1300048828125,159.93899536132812,93.5,4516.7001953125,99.24400329589844
2026-06-02 17:20:00+00:00,67535.453125,1518.0,159.9340057373047,93.54000091552734,4517.2998046875,99.23799896240234
2026-06-02 17:21:00+00:00,67516.8828125,1518.030029296875,159.93899536132812,93.58000183105469,4517.2001953125,99.23999786376953
2026-06-02 17:22:00+00:00,67624.5390625,1518.280029296875,159.93899536132812,93.58000183105469,4517.0,99.23699951171875
2026-06-02 17:23:00+00:00,67637.0625,1518.02001953125,159.94700622558594,93.58000183105469,4517.39990234375,99.24299621582031
2026-06-02 17:24:00+00:00,67653.3125,1518.010009765625,159.94500732421875,93.51000213623047,4517.7001953125,99.24700164794922
2026-06-02 17:25:00+00:00,67645.171875,1518.300048828125,159.9429931640625,93.54000091552734,4517.7001953125,99.25
2026-06-02 17:26:00+00:00,67594.75,1518.1600341796875,159.94000244140625,93.52999877929688,4518.2998046875,99.25700378417969
2026-06-02 17:27:00+00:00,67609.5,1518.1800537109375,159.94400024414062,93.58000183105469,4518.0,99.26000213623047
2026-06-02 17:28:00+00:00,67605.921875,1518.1800537109375,159.94500732421875,93.66000366210938,4518.10009765625,99.26000213623047
2026-06-02 17:29:00+00:00,67603.0,1518.1600341796875,159.9320068359375,93.6500015258789,4520.7001953125,99.2509994506836
2026-06-02 17:30:00+00:00,67618.6015625,1518.0400390625,159.93699645996094,93.62999725341797,4519.89990234375,99.24800109863281
2026-06-02 17:31:00+00:00,67657.9765625,1518.18994140625,159.93299865722656,93.72000122070312,4520.0,99.25299835205078
2026-06-02 17:32:00+00:00,67697.7421875,1518.1800537109375,159.92999267578125,93.69999694824219,4520.2001953125,99.24800109863281
2026-06-02 17:33:00+00:00,67471.359375,1518.1400146484375,159.9290008544922,93.58999633789062,4520.89990234375,99.24700164794922
2026-06-02 17:34:00+00:00,67487.3828125,1518.300048828125,159.93499755859375,93.55000305175781,4518.2001953125,99.24700164794922
2026-06-02 17:35:00+00:00,67520.8515625,1518.02001953125,159.94200134277344,93.54000091552734,4516.7998046875,99.25499725341797
2026-06-02 17:36:00+00:00,67491.328125,1518.31005859375,159.94500732421875,93.61000061035156,4513.2998046875,99.25700378417969
2026-06-02 17:37:00+00:00,67498.453125,1518.0400390625,159.9340057373047,93.61000061035156,4514.2998046875,99.25599670410156
2026-06-02 17:38:00+00:00,67532.5625,1518.18994140625,159.93899536132812,93.62000274658203,4513.10009765625,99.25700378417969
2026-06-02 17:39:00+00:00,67529.7890625,1518.3800048828125,159.9459991455078,93.62999725341797,4512.5,99.26200103759766
2026-06-02 17:40:00+00:00,67434.640625,1518.1199951171875,159.9459991455078,93.58000183105469,4513.89990234375,99.26599884033203
2026-06-02 17:41:00+00:00,67409.3984375,1518.280029296875,159.9499969482422,93.62999725341797,4512.7998046875,99.26899719238281
2026-06-02 17:42:00+00:00,67380.7265625,1518.2900390625,159.9459991455078,93.56999969482422,4514.0,99.26899719238281
2026-06-02 17:43:00+00:00,67348.2421875,1518.1800537109375,159.95199584960938,93.55000305175781,4514.2001953125,99.26699829101562
2026-06-02 17:44:00+00:00,67366.359375,1518.300048828125,159.9499969482422,93.54000091552734,4514.10009765625,99.26499938964844
2026-06-02 17:45:00+00:00,67353.2890625,1518.5999755859375,159.94900512695312,93.52999877929688,4513.89990234375,99.26899719238281
2026-06-02 17:46:00+00:00,67351.0234375,1518.56005859375,159.95599365234375,93.61000061035156,4514.89990234375,99.27200317382812
2026-06-02 17:47:00+00:00,67357.9765625,1518.3299560546875,159.95199584960938,93.66999816894531,4515.2001953125,99.27300262451172
2026-06-02 17:48:00+00:00,67297.78125,1518.81005859375,159.95700073242188,93.63999938964844,4515.0,99.2750015258789
2026-06-02 17:49:00+00:00,67325.9609375,1518.77001953125,159.94700622558594,93.62000274658203,4515.39990234375,99.27300262451172
2026-06-02 17:50:00+00:00,67262.5,1518.2099609375,159.9530029296875,93.68000030517578,4515.5,99.2770004272461
2026-06-02 17:51:00+00:00,67285.578125,1518.5400390625,159.96099853515625,93.72000122070312,4515.0,99.28099822998047
2026-06-02 17:52:00+00:00,67295.9609375,1519.010009765625,159.96499633789062,93.75,4513.0,99.28299713134766
2026-06-02 17:53:00+00:00,67365.21875,1519.010009765625,159.95700073242188,93.72000122070312,4513.5,99.28199768066406
2026-06-02 17:54:00+00:00,67318.25,1519.2099609375,159.95799255371094,93.86000061035156,4513.0,99.28299713134766
2026-06-02 17:55:00+00:00,67326.90625,1518.3800048828125,159.9530029296875,93.9000015258789,4512.7998046875,99.28700256347656
2026-06-02 17:56:00+00:00,67321.25,1519.3699951171875,159.96200561523438,93.86000061035156,4513.2998046875,99.28600311279297
2026-06-02 17:57:00+00:00,67336.203125,1519.1700439453125,159.96299743652344,93.88999938964844,4513.60009765625,99.27999877929688
2026-06-02 17:58:00+00:00,67379.390625,1518.9000244140625,159.95799255371094,93.87999725341797,4513.7998046875,99.2770004272461
2026-06-02 17:59:00+00:00,67352.0,1518.5999755859375,159.95899963378906,93.83999633789062,4514.0,99.27799987792969
2026-06-02 18:00:00+00:00,67434.3828125,1518.22998046875,159.95599365234375,93.62000274658203,4515.7001953125,99.27300262451172
2026-06-02 18:01:00+00:00,67447.53125,1518.239990234375,159.95700073242188,93.48999786376953,4517.7001953125,99.27100372314453
2026-06-02 18:02:00+00:00,67358.9609375,1518.75,159.96499633789062,93.66000366210938,4516.2998046875,99.27799987792969
2026-06-02 18:03:00+00:00,67381.3828125,1518.3599853515625,159.95799255371094,93.63999938964844,4515.7998046875,99.27799987792969
2026-06-02 18:04:00+00:00,67397.90625,1518.8599853515625,159.95899963378906,93.66999816894531,4515.60009765625,99.27799987792969
2026-06-02 18:05:00+00:00,67406.1171875,1519.1700439453125,159.95799255371094,93.55000305175781,4516.10009765625,99.27799987792969
2026-06-02 18:06:00+00:00,67374.078125,1519.030029296875,159.95700073242188,93.58999633789062,4514.89990234375,99.28900146484375
2026-06-02 18:07:00+00:00,67432.890625,1519.2099609375,159.96200561523438,93.52999877929688,4516.2001953125,99.28800201416016
2026-06-02 18:08:00+00:00,67462.609375,1518.3699951171875,159.9600067138672,93.51000213623047,4516.7001953125,99.29299926757812
2026-06-02 18:09:00+00:00,67468.203125,1518.780029296875,159.968994140625,93.44999694824219,4517.2001953125,99.2959976196289
2026-06-02 18:10:00+00:00,67493.9296875,1518.3699951171875,159.96499633789062,93.48999786376953,4516.2998046875,99.29499816894531
2026-06-02 18:11:00+00:00,67469.1171875,1518.219970703125,159.9759979248047,93.58000183105469,4515.0,99.3030014038086
2026-06-02 18:12:00+00:00,67460.3984375,1518.18994140625,159.968994140625,93.5,4515.2998046875,99.2959976196289
2026-06-02 18:13:00+00:00,67492.0078125,1518.1600341796875,159.9709930419922,93.62999725341797,4515.2998046875,99.2959976196289
2026-06-02 18:14:00+00:00,67471.921875,1517.9200439453125,159.97000122070312,93.5999984741211,4514.60009765625,99.2969970703125
2026-06-02 18:15:00+00:00,67424.2578125,1517.9000244140625,159.968994140625,93.72000122070312,4513.60009765625,99.29900360107422
2026-06-02 18:16:00+00:00,67446.5078125,1518.030029296875,159.96800231933594,93.70999908447266,4514.10009765625,99.3010025024414
2026-06-02 18:17:00+00:00,67462.3125,1518.0400390625,159.96600341796875,93.66999816894531,4514.7998046875,99.3010025024414
2026-06-02 18:18:00+00:00,67458.0390625,1517.9100341796875,159.9720001220703,93.72000122070312,4515.10009765625,99.31600189208984
2026-06-02 18:19:00+00:00,67414.078125,1517.800048828125,159.97500610351562,93.73999786376953,4514.2998046875,99.31300354003906
2026-06-02 18:20:00+00:00,67387.9765625,1517.9300537109375,159.98599243164062,93.72000122070312,4514.2998046875,99.32599639892578
2026-06-02 18:21:00+00:00,67367.421875,1518.06005859375,159.98699951171875,93.83999633789062,4514.2001953125,99.3290023803711
2026-06-02 18:22:00+00:00,67295.828125,1517.9300537109375,159.95899963378906,93.75,4516.10009765625,99.29199981689453
2026-06-02 18:23:00+00:00,67314.3203125,1518.010009765625,159.9530029296875,93.7300033569336,4516.7001953125,99.28600311279297
2026-06-02 18:24:00+00:00,67274.046875,1517.9200439453125,159.947998046875,93.7300033569336,4516.89990234375,99.28199768066406
2026-06-02 18:25:00+00:00,67278.21875,1517.8699951171875,159.95199584960938,93.72000122070312,4518.60009765625,99.27799987792969
2026-06-02 18:26:00+00:00,67283.953125,1517.2900390625,159.9600067138672,93.62999725341797,4519.39990234375,99.28199768066406
2026-06-02 18:27:00+00:00,67293.6171875,1517.18994140625,159.9510040283203,93.48999786376953,4520.0,99.27999877929688
2026-06-02 18:28:00+00:00,67277.2421875,1517.4100341796875,159.96200561523438,93.80999755859375,4518.39990234375,99.28099822998047
2026-06-02 18:29:00+00:00,67176.8125,1517.8800048828125,159.96200561523438,93.7300033569336,4517.89990234375,99.27999877929688
2026-06-02 18:30:00+00:00,67170.53125,1517.469970703125,159.95899963378906,93.83000183105469,4516.89990234375,99.26599884033203
2026-06-02 18:31:00+00:00,67145.8671875,1516.989990234375,159.96099853515625,93.91000366210938,4517.60009765625,99.26799774169922
2026-06-02 18:32:00+00:00,67150.0,1516.9300537109375,159.9550018310547,93.98999786376953,4517.7998046875,99.25900268554688
2026-06-02 18:33:00+00:00,67147.3125,1516.8399658203125,159.95199584960938,93.91000366210938,4517.89990234375,99.25700378417969
2026-06-02 18:34:00+00:00,67160.609375,1516.9300537109375,159.95199584960938,93.9000015258789,4517.5,99.25800323486328
2026-06-02 18:35:00+00:00,67130.5,1516.6300048828125,159.9499969482422,93.9000015258789,4517.10009765625,99.25800323486328
2026-06-02 18:36:00+00:00,67180.0390625,1516.760009765625,159.94500732421875,93.91000366210938,4516.7001953125,99.25499725341797
2026-06-02 18:37:00+00:00,67137.75,1517.6300048828125,159.9499969482422,93.86000061035156,4515.5,99.25700378417969
2026-06-02 18:38:00+00:00,67093.25,1517.3800048828125,159.93800354003906,93.88999938964844,4515.39990234375,99.25199890136719
2026-06-02 18:39:00+00:00,67131.3828125,1517.7099609375,159.93600463867188,93.80999755859375,4514.60009765625,99.24800109863281
2026-06-02 18:40:00+00:00,67112.53125,1517.1600341796875,159.93899536132812,93.77999877929688,4513.2998046875,99.25
2026-06-02 18:41:00+00:00,67089.6484375,1517.780029296875,159.9290008544922,93.77999877929688,4511.10009765625,99.24400329589844
2026-06-02 18:42:00+00:00,67093.71875,1517.199951171875,159.9250030517578,93.7699966430664,4510.2998046875,99.24500274658203
2026-06-02 18:43:00+00:00,67131.8671875,1517.1300048828125,159.9290008544922,93.87000274658203,4508.7001953125,99.2490005493164
2026-06-02 18:44:00+00:00,67187.8671875,1517.300048828125,159.9290008544922,93.87000274658203,4509.89990234375,99.2490005493164
2026-06-02 18:45:00+00:00,67131.859375,1517.0,159.9250030517578,93.86000061035156,4510.7998046875,99.24099731445312
2026-06-02 18:46:00+00:00,67109.96875,1516.9000244140625,159.9199981689453,93.83000183105469,4512.60009765625,99.23100280761719
2026-06-02 18:47:00+00:00,67132.828125,1517.3800048828125,159.9199981689453,93.83999633789062,4513.10009765625,99.22799682617188
2026-06-02 18:48:00+00:00,67164.40625,1517.1199951171875,159.906005859375,93.83999633789062,4514.7001953125,99.22200012207031
2026-06-02 18:49:00+00:00,67158.6328125,1517.1700439453125,159.8990020751953,93.83000183105469,4516.0,99.21700286865234
2026-06-02 18:50:00+00:00,67153.1875,1516.8900146484375,159.8990020751953,93.87999725341797,4518.2998046875,99.21600341796875
2026-06-02 18:51:00+00:00,67137.8984375,1517.6800537109375,159.90499877929688,93.87999725341797,4519.0,99.21800231933594
2026-06-02 18:52:00+00:00,67112.953125,1516.8599853515625,159.90899658203125,93.88999938964844,4518.7998046875,99.22200012207031
2026-06-02 18:53:00+00:00,67061.3203125,1517.68994140625,159.91400146484375,93.86000061035156,4517.7998046875,99.2249984741211
2026-06-02 18:54:00+00:00,67030.0,1517.739990234375,159.906005859375,93.86000061035156,4517.0,99.21700286865234
2026-06-02 18:55:00+00:00,67100.4921875,1517.199951171875,159.9040069580078,93.9000015258789,4517.10009765625,99.21399688720703
2026-06-02 18:56:00+00:00,67169.0234375,1517.02001953125,159.91200256347656,93.88999938964844,4517.2998046875,99.21600341796875
2026-06-02 18:57:00+00:00,67213.8515625,1517.489990234375,159.90499877929688,93.9000015258789,4517.10009765625,99.21499633789062
2026-06-02 18:58:00+00:00,67222.0234375,1517.6300048828125,159.906005859375,93.88999938964844,4517.10009765625,99.21399688720703
2026-06-02 18:59:00+00:00,67217.15625,1517.739990234375,159.89999389648438,93.9000015258789,4516.89990234375,99.21900177001953
2026-06-02 19:00:00+00:00,67275.09375,1517.1099853515625,159.8990020751953,93.87999725341797,4517.7001953125,99.21199798583984
2026-06-02 19:01:00+00:00,67227.21875,1517.739990234375,159.9010009765625,93.8499984741211,4518.0,99.21399688720703
2026-06-02 19:02:00+00:00,67152.65625,1517.75,159.90699768066406,93.87000274658203,4518.10009765625,99.21499633789062
2026-06-02 19:03:00+00:00,67182.0078125,1517.199951171875,159.91200256347656,93.8499984741211,4518.2001953125,99.21600341796875
2026-06-02 19:04:00+00:00,67166.8125,1517.5,159.91400146484375,93.80000305175781,4518.39990234375,99.21499633789062
2026-06-02 19:05:00+00:00,67116.6484375,1517.4000244140625,159.9199981689453,93.80000305175781,4517.89990234375,99.21700286865234
2026-06-02 19:06:00+00:00,67162.703125,1517.699951171875,159.89999389648438,93.80999755859375,4518.2001953125,99.21099853515625
2026-06-02 19:07:00+00:00,67149.0,1517.1700439453125,159.8979949951172,93.80999755859375,4518.10009765625,99.2030029296875
2026-06-02 19:08:00+00:00,67193.8671875,1516.9000244140625,159.8979949951172,93.79000091552734,4518.2001953125,99.2040023803711
2026-06-02 19:09:00+00:00,67159.8828125,1517.06005859375,159.8979949951172,93.79000091552734,4518.2001953125,99.20600128173828
2026-06-02 19:10:00+00:00,67205.5234375,1517.77001953125,159.9040069580078,93.80999755859375,4518.39990234375,99.20500183105469
2026-06-02 19:11:00+00:00,67217.9296875,1516.949951171875,159.89700317382812,93.80000305175781,4517.5,99.2030029296875
2026-06-02 19:12:00+00:00,67236.0078125,1516.8800048828125,159.89700317382812,93.80000305175781,4518.10009765625,99.2030029296875
2026-06-02 19:13:00+00:00,67223.578125,1516.8499755859375,159.8990020751953,93.81999969482422,4517.5,99.20099639892578
2026-06-02 19:14:00+00:00,67232.21875,1517.050048828125,159.88499450683594,93.80000305175781,4516.7998046875,99.1969985961914
2026-06-02 19:15:00+00:00,67214.9921875,1517.77001953125,159.88800048828125,93.76000213623047,4516.5,99.19599914550781
2026-06-02 19:16:00+00:00,67137.7578125,1517.22998046875,159.88900756835938,93.76000213623047,4516.60009765625,99.19300079345703
2026-06-02 19:17:00+00:00,67098.0234375,1516.6700439453125,159.89999389648438,93.75,4516.89990234375,99.19300079345703
2026-06-02 19:18:00+00:00,67084.046875,1517.780029296875,159.90699768066406,93.76000213623047,4516.5,99.19999694824219
2026-06-02 19:19:00+00:00,67092.609375,1517.010009765625,159.90699768066406,93.73999786376953,4516.5,99.2040023803711
2026-06-02 19:20:00+00:00,67074.1484375,1517.75,159.90499877929688,93.72000122070312,4516.7001953125,99.20500183105469
2026-06-02 19:21:00+00:00,67109.53125,1517.68994140625,159.9080047607422,93.73999786376953,4515.7001953125,99.20700073242188
2026-06-02 19:22:00+00:00,67116.0078125,1517.68994140625,159.9040069580078,93.66999816894531,4516.10009765625,99.20099639892578
2026-06-02 19:23:00+00:00,67051.671875,1516.97998046875,159.90199279785156,93.62999725341797,4516.2001953125,99.20099639892578
2026-06-02 19:24:00+00:00,66989.90625,1517.3900146484375,159.8979949951172,93.62999725341797,4515.89990234375,99.20500183105469
2026-06-02 19:25:00+00:00,67057.9609375,1517.4599609375,159.91799926757812,93.58000183105469,4516.7998046875,99.20899963378906
2026-06-02 19:26:00+00:00,67073.796875,1517.72998046875,159.91099548339844,93.56999969482422,4517.7001953125,99.20600128173828
2026-06-02 19:27:00+00:00,67047.4375,1517.030029296875,159.9080047607422,93.61000061035156,4518.60009765625,99.20600128173828
2026-06-02 19:28:00+00:00,66931.9921875,1517.52001953125,159.9080047607422,93.58000183105469,4518.7998046875,99.20500183105469
2026-06-02 19:29:00+00:00,66873.453125,1517.52001953125,159.91299438476562,93.58000183105469,4519.5,99.2040023803711
2026-06-02 19:30:00+00:00,66785.2421875,1517.239990234375,159.9040069580078,93.55999755859375,4519.5,99.2020034790039
2026-06-02 19:31:00+00:00,66558.7890625,1517.75,159.91099548339844,93.55000305175781,4518.7001953125,99.2030029296875
2026-06-02 19:32:00+00:00,66617.46875,1516.9200439453125,159.90899658203125,93.55000305175781,4517.39990234375,99.2030029296875
2026-06-02 19:33:00+00:00,66464.6328125,1517.0799560546875,159.9029998779297,93.58000183105469,4516.2001953125,99.19999694824219
2026-06-02 19:34:00+00:00,66473.3828125,1517.72998046875,159.9029998779297,93.55999755859375,4516.2998046875,99.20099639892578
2026-06-02 19:35:00+00:00,66515.6484375,1517.0699462890625,159.90699768066406,93.55999755859375,4516.0,99.2030029296875
2026-06-02 19:36:00+00:00,66606.96875,1517.4200439453125,159.9040069580078,93.58999633789062,4515.7998046875,99.2020034790039
2026-06-02 19:37:00+00:00,66684.5703125,1517.699951171875,159.91400146484375,93.66000366210938,4514.2001953125,99.20800018310547
2026-06-02 19:38:00+00:00,66643.4609375,1517.239990234375,159.91700744628906,93.61000061035156,4514.5,99.21099853515625
2026-06-02 19:39:00+00:00,66666.2109375,1517.3800048828125,159.91700744628906,93.58000183105469,4514.5,99.21099853515625
2026-06-02 19:40:00+00:00,66627.6484375,1517.3699951171875,159.91200256347656,93.52999877929688,4514.0,99.21199798583984
2026-06-02 19:41:00+00:00,66550.5234375,1517.72998046875,159.91400146484375,93.5199966430664,4514.2998046875,99.20899963378906
2026-06-02 19:42:00+00:00,66662.75,1517.530029296875,159.9029998779297,93.5,4514.2998046875,99.20800018310547
2026-06-02 19:43:00+00:00,66802.7890625,1517.52001953125,159.91000366210938,93.48999786376953,4516.5,99.20700073242188
2026-06-02 19:44:00+00:00,66819.25,1517.75,159.90899658203125,93.45999908447266,4517.39990234375,99.20800018310547
2026-06-02 19:45:00+00:00,66840.4296875,1517.780029296875,159.90699768066406,93.56999969482422,4517.2998046875,99.19999694824219
2026-06-02 19:46:00+00:00,66789.9609375,1517.760009765625,159.91799926757812,93.62000274658203,4516.39990234375,99.20700073242188
2026-06-02 19:47:00+00:00,66926.6796875,1517.0999755859375,159.9080047607422,93.61000061035156,4517.39990234375,99.20500183105469
2026-06-02 19:48:00+00:00,66996.078125,1517.5,159.9080047607422,93.61000061035156,4517.2001953125,99.2030029296875
2026-06-02 19:49:00+00:00,67055.8125,1517.1700439453125,159.90899658203125,93.5999984741211,4516.7001953125,99.2040023803711
2026-06-02 19:50:00+00:00,67151.671875,1517.800048828125,159.91799926757812,93.61000061035156,4516.60009765625,99.19999694824219
2026-06-02 19:51:00+00:00,67251.859375,1517.3599853515625,159.92100524902344,93.70999908447266,4516.39990234375,99.2020034790039
2026-06-02 19:52:00+00:00,67247.34375,1516.9300537109375,159.9199981689453,93.75,4515.7998046875,99.20500183105469
2026-06-02 19:53:00+00:00,67264.859375,1517.6800537109375,159.92799377441406,93.7300033569336,4516.60009765625,99.20800018310547
2026-06-02 19:54:00+00:00,67103.140625,1517.6600341796875,159.927001953125,93.69000244140625,4515.89990234375,99.20899963378906
2026-06-02 19:55:00+00:00,67078.0,1517.8499755859375,159.9459991455078,93.66000366210938,4517.39990234375,99.21299743652344
2026-06-02 19:56:00+00:00,67110.0390625,1517.75,159.93499755859375,93.66000366210938,4517.10009765625,99.20700073242188
2026-06-02 19:57:00+00:00,67088.0,1517.3699951171875,159.93699645996094,93.6500015258789,4517.2998046875,99.20800018310547
2026-06-02 19:58:00+00:00,67108.140625,1517.8199462890625,159.9340057373047,93.69000244140625,4517.60009765625,99.20999908447266
2026-06-02 19:59:00+00:00,67185.4375,1517.72998046875,159.9219970703125,93.69000244140625,4517.7001953125,99.2030029296875
2026-06-02 20:00:00+00:00,67095.0,1517.81005859375,159.93299865722656,93.70999908447266,4517.2998046875,99.2020034790039
2026-06-02 20:01:00+00:00,67094.3671875,1517.489990234375,159.93800354003906,93.69999694824219,4516.2001953125,99.2020034790039
2026-06-02 20:02:00+00:00,67015.28125,1517.1300048828125,159.92100524902344,93.72000122070312,4516.60009765625,99.20099639892578
2026-06-02 20:03:00+00:00,67153.8515625,1517.1800537109375,159.91600036621094,93.6500015258789,4517.2998046875,99.19300079345703
2026-06-02 20:04:00+00:00,67188.75,1517.739990234375,159.91700744628906,93.63999938964844,4517.0,99.19100189208984
2026-06-02 20:05:00+00:00,67280.0,1516.9300537109375,159.91700744628906,93.5999984741211,4517.60009765625,99.19000244140625
2026-06-02 20:06:00+00:00,67311.3984375,1517.800048828125,159.91799926757812,93.62999725341797,4517.2998046875,99.19200134277344
2026-06-02 20:07:00+00:00,67275.5234375,1517.800048828125,159.92100524902344,93.58000183105469,4517.60009765625,99.19000244140625
2026-06-02 20:08:00+00:00,67329.5078125,1517.2900390625,159.91900634765625,93.55999755859375,4518.2001953125,99.18900299072266
2026-06-02 20:09:00+00:00,67326.3125,1517.739990234375,159.91700744628906,93.61000061035156,4517.7001953125,99.19000244140625
2026-06-02 20:10:00+00:00,67325.3828125,1517.0400390625,159.91799926757812,93.54000091552734,4518.400146484375,99.197998046875
2026-06-02 20:11:00+00:00,67285.71875,1516.989990234375,159.91700744628906,93.55000305175781,4519.10009765625,99.1969985961914
2026-06-02 20:12:00+00:00,67272.140625,1517.4100341796875,159.91799926757812,93.56999969482422,4518.89990234375,99.19599914550781
2026-06-02 20:13:00+00:00,67265.359375,1517.199951171875,159.91799926757812,93.58999633789062,4519.5,99.197998046875
2026-06-02 20:14:00+00:00,67261.6328125,1517.22998046875,159.91900634765625,93.58000183105469,4519.60009765625,99.197998046875
2026-06-02 20:15:00+00:00,67199.828125,1517.800048828125,159.9199981689453,93.61000061035156,4519.89990234375,99.1989974975586
2026-06-02 20:16:00+00:00,67150.453125,1517.77001953125,159.92100524902344,93.5999984741211,4519.39990234375,99.19999694824219
2026-06-02 20:17:00+00:00,67125.9765625,1517.469970703125,159.91900634765625,93.58000183105469,4520.39990234375,99.2030029296875
2026-06-02 20:18:00+00:00,67018.640625,1517.760009765625,159.91799926757812,93.58000183105469,4519.7998046875,99.2020034790039
2026-06-02 20:19:00+00:00,67031.25,1517.77001953125,159.91900634765625,93.56999969482422,4520.2001953125,99.20099639892578
2026-06-02 20:20:00+00:00,66993.828125,1517.780029296875,159.92100524902344,93.55999755859375,4518.89990234375,99.2030029296875
2026-06-02 20:21:00+00:00,66951.046875,1517.239990234375,159.9199981689453,93.52999877929688,4519.2001953125,99.2040023803711
2026-06-02 20:22:00+00:00,66860.0,1517.489990234375,159.92300415039062,93.5,4519.39990234375,99.20600128173828
2026-06-02 20:23:00+00:00,66856.421875,1517.199951171875,159.92100524902344,93.55000305175781,4519.5,99.20600128173828
2026-06-02 20:24:00+00:00,66911.0234375,1517.0799560546875,159.92300415039062,93.54000091552734,4519.10009765625,99.20899963378906
2026-06-02 20:25:00+00:00,66884.203125,1517.02001953125,159.93099975585938,93.52999877929688,4519.2001953125,99.21099853515625
2026-06-02 20:26:00+00:00,66907.109375,1517.18994140625,159.9320068359375,93.54000091552734,4519.0,99.21099853515625
2026-06-02 20:27:00+00:00,66853.21875,1517.52001953125,159.9320068359375,93.51000213623047,4519.10009765625,99.21099853515625
2026-06-02 20:28:00+00:00,66819.21875,1517.800048828125,159.93899536132812,93.48999786376953,4519.60009765625,99.21199798583984
2026-06-02 20:29:00+00:00,66833.6328125,1517.5699462890625,159.93099975585938,93.51000213623047,4519.39990234375,99.20899963378906
2026-06-02 20:30:00+00:00,66911.9921875,1517.280029296875,159.94900512695312,93.4800033569336,4520.2001953125,99.21099853515625
2026-06-02 20:31:00+00:00,67042.296875,1517.280029296875,159.9340057373047,93.41999816894531,4519.5,99.20800018310547
2026-06-02 20:32:00+00:00,67158.0,1517.7900390625,159.9320068359375,93.43000030517578,4520.39990234375,99.20800018310547
2026-06-02 20:33:00+00:00,67197.78125,1517.1300048828125,159.93600463867188,93.4000015258789,4519.60009765625,99.20999908447266
2026-06-02 20:34:00+00:00,67076.0,1517.5,159.92799377441406,93.38999938964844,4519.2998046875,99.21499633789062
2026-06-02 20:35:00+00:00,67106.0,1517.6300048828125,159.9320068359375,93.45999908447266,4519.2001953125,99.21700286865234
2026-06-02 20:36:00+00:00,67141.9921875,1517.199951171875,159.92799377441406,93.38999938964844,4519.39990234375,99.21800231933594
2026-06-02 20:37:00+00:00,67170.796875,1517.7900390625,159.92799377441406,93.37999725341797,4519.7998046875,99.21800231933594
2026-06-02 20:38:00+00:00,67164.1875,1517.3299560546875,159.92100524902344,93.43000030517578,4519.5,99.21700286865234
2026-06-02 20:39:00+00:00,67176.2734375,1517.7900390625,159.9239959716797,93.38999938964844,4519.2998046875,99.21800231933594
2026-06-02 20:40:00+00:00,67122.46875,1517.3900146484375,159.9250030517578,93.47000122070312,4519.5,99.21900177001953
2026-06-02 20:41:00+00:00,67112.328125,1517.47998046875,159.9239959716797,93.47000122070312,4519.0,99.21700286865234
2026-06-02 20:42:00+00:00,67133.5703125,1517.530029296875,159.927001953125,93.51000213623047,4519.2998046875,99.21499633789062
2026-06-02 20:43:00+00:00,67140.8984375,1517.3599853515625,159.9239959716797,93.4800033569336,4519.2998046875,99.21399688720703
2026-06-02 20:44:00+00:00,67195.65625,1517.3900146484375,159.93499755859375,93.4800033569336,4518.5,99.21499633789062
2026-06-02 20:45:00+00:00,67226.203125,1517.5,159.92300415039062,93.51000213623047,4518.7998046875,99.21199798583984
2026-06-02 20:46:00+00:00,67218.046875,1517.1300048828125,159.91799926757812,93.48999786376953,4518.2998046875,99.21099853515625
2026-06-02 20:47:00+00:00,67242.8515625,1517.1800537109375,159.91200256347656,93.4800033569336,4518.7001953125,99.21600341796875
2026-06-02 20:48:00+00:00,67318.0078125,1517.8199462890625,159.92999267578125,93.44000244140625,4519.2001953125,99.21600341796875
2026-06-02 20:49:00+00:00,67366.78125,1517.1099853515625,159.92999267578125,93.44999694824219,4518.39990234375,99.21700286865234
2026-06-02 20:50:00+00:00,67376.453125,1517.47998046875,159.9250030517578,93.44999694824219,4518.2001953125,99.21700286865234
2026-06-02 20:51:00+00:00,67474.6484375,1517.1300048828125,159.9320068359375,93.4800033569336,4518.10009765625,99.21600341796875
2026-06-02 20:52:00+00:00,67521.9921875,1517.010009765625,159.93600463867188,93.41000366210938,4517.89990234375,99.21700286865234
2026-06-02 20:53:00+00:00,67435.3984375,1517.2099609375,159.93299865722656,93.38999938964844,4517.7998046875,99.21700286865234
2026-06-02 20:54:00+00:00,67497.7109375,1516.989990234375,159.9250030517578,93.41000366210938,4517.5,99.21700286865234
2026-06-02 20:55:00+00:00,67508.2265625,1516.93994140625,159.92300415039062,93.41999816894531,4517.5,99.21299743652344
2026-06-02 20:56:00+00:00,67524.0078125,1516.949951171875,159.9250030517578,93.38999938964844,4517.7001953125,99.21499633789062
2026-06-02 20:57:00+00:00,67509.890625,1517.699951171875,159.8979949951172,93.43000030517578,4517.89990234375,99.21700286865234
2026-06-02 20:58:00+00:00,67494.0,1517.010009765625,159.9010009765625,93.44000244140625,4517.7998046875,99.21600341796875
2026-06-02 20:59:00+00:00,67482.796875,1517.030029296875,159.86399841308594,93.38999938964844,4519.2001953125,99.21299743652344
2026-06-02 21:00:00+00:00,67495.4609375,1517.260009765625,159.84800720214844,93.39655679171203,4519.244452804815,99.21399688720703
2026-06-02 21:01:00+00:00,67545.9296875,1517.2900390625,159.8800048828125,93.40311419377562,4519.288710297131,99.22000122070312
2026-06-02 21:02:00+00:00,67555.0078125,1516.4000244140625,159.88099670410156,93.4096715958392,4519.332967789447,99.21900177001953
2026-06-02 21:03:00+00:00,67467.9921875,1517.6600341796875,159.8800048828125,93.41622899790279,4519.377225281763,99.2249984741211
2026-06-02 21:04:00+00:00,67474.0,1516.9599609375,159.8800048828125,93.42278639996638,4519.421482774078,99.21299743652344
2026-06-02 21:05:00+00:00,67689.3671875,1516.969970703125,159.86199951171875,93.42934380202998,4519.465740266393,99.22000122070312
2026-06-02 21:06:00+00:00,67613.5234375,1516.75,159.86599731445312,93.43590120409355,4519.509997758709,99.21499633789062
2026-06-02 21:07:00+00:00,67511.8125,1516.550048828125,159.86300659179688,93.44245860615715,4519.554255251024,99.21399688720703
2026-06-02 21:08:00+00:00,67512.1328125,1516.4300537109375,159.85800170898438,93.44901600822074,4519.5985127433405,99.21499633789062
2026-06-02 21:09:00+00:00,67540.2890625,1517.0400390625,159.86900329589844,93.45557341028433,4519.642770235656,99.21399688720703
2026-06-02 21:10:00+00:00,67512.1171875,1516.8399658203125,159.8470001220703,93.46213081234791,4519.687027727971,99.20800018310547
2026-06-02 21:11:00+00:00,67400.59375,1517.3699951171875,159.85299682617188,93.4686882144115,4519.731285220287,99.20700073242188
2026-06-02 21:12:00+00:00,67326.71875,1516.9599609375,159.843994140625,93.47524561647509,4519.775542712602,99.20700073242188
2026-06-02 21:13:00+00:00,67319.671875,1517.010009765625,159.8419952392578,93.48180301853868,4519.8198002049185,99.2030029296875
2026-06-02 21:14:00+00:00,67370.2421875,1516.6700439453125,159.8350067138672,93.48836042060226,4519.864057697234,99.2020034790039
2026-06-02 21:15:00+00:00,67482.8828125,1516.52001953125,159.84800720214844,93.49491782266585,4519.908315189549,99.2030029296875
2026-06-02 21:16:00+00:00,67520.8515625,1516.4000244140625,159.83999633789062,93.50147522472945,4519.952572681865,99.1989974975586
2026-06-02 21:17:00+00:00,67541.0078125,1516.449951171875,159.85299682617188,93.50803262679304,4519.99683017418,99.19999694824219
2026-06-02 21:18:00+00:00,67561.296875,1516.3900146484375,159.87899780273438,93.51459002885662,4520.0410876664955,99.2030029296875
2026-06-02 21:19:00+00:00,67585.453125,1516.47998046875,159.88800048828125,93.52114743092021,4520.085345158812,99.2040023803711
2026-06-02 21:20:00+00:00,67672.34375,1516.4000244140625,159.88099670410156,93.5277048329838,4520.129602651127,99.20099639892578
2026-06-02 21:21:00+00:00,67630.421875,1516.4200439453125,159.85400390625,93.5342622350474,4520.173860143443,99.19999694824219
2026-06-02 21:22:00+00:00,67627.8984375,1516.4000244140625,159.85800170898438,93.54081963711097,4520.218117635758,99.1989974975586
2026-06-02 21:23:00+00:00,67664.0234375,1516.3399658203125,159.86099243164062,93.54737703917456,4520.2623751280735,99.1989974975586
2026-06-02 21:24:00+00:00,67669.0390625,1516.3900146484375,159.87600708007812,93.55393444123816,4520.30663262039,99.2020034790039
2026-06-02 21:25:00+00:00,67718.578125,1516.4200439453125,159.88900756835938,93.56049184330175,4520.350890112705,99.20500183105469
2026-06-02 21:26:00+00:00,67788.5,1516.7900390625,159.88099670410156,93.56704924536533,4520.395147605021,99.20600128173828
2026-06-02 21:27:00+00:00,67778.0625,1517.3499755859375,159.8800048828125,93.57360664742892,4520.439405097336,99.2040023803711
2026-06-02 21:28:00+00:00,67692.9765625,1517.4300537109375,159.88400268554688,93.58016404949251,4520.483662589651,99.20500183105469
2026-06-02 21:29:00+00:00,67775.6015625,1517.3299560546875,159.8780059814453,93.5867214515561,4520.527920081967,99.20700073242188
2026-06-02 21:30:00+00:00,67726.171875,1517.4200439453125,159.8769989013672,93.59327885361968,4520.572177574283,99.20899963378906
2026-06-02 21:31:00+00:00,67721.6875,1516.9000244140625,159.8800048828125,93.59983625568327,4520.616435066599,99.20800018310547
2026-06-02 21:32:00+00:00,67768.9765625,1516.800048828125,159.87399291992188,93.60639365774686,4520.660692558914,99.20899963378906
2026-06-02 21:33:00+00:00,67788.9921875,1516.5899658203125,159.8699951171875,93.61295105981046,4520.704950051229,99.20899963378906
2026-06-02 21:34:00+00:00,67799.3203125,1516.489990234375,159.8780059814453,93.61950846187403,4520.749207543545,99.21099853515625
2026-06-02 21:35:00+00:00,67790.7265625,1515.8900146484375,159.8699951171875,93.62606586393763,4520.79346503586,99.21199798583984
2026-06-02 21:36:00+00:00,67782.0625,1516.0999755859375,159.88600158691406,93.63262326600122,4520.8377225281765,99.21099853515625
2026-06-02 21:37:00+00:00,67800.0,1515.97998046875,159.86399841308594,93.63918066806481,4520.881980020492,99.21099853515625
2026-06-02 21:38:00+00:00,67758.2109375,1515.9599609375,159.86000061035156,93.64573807012839,4520.926237512807,99.20999908447266
2026-06-02 21:39:00+00:00,67718.2734375,1516.25,159.8719940185547,93.65229547219198,4520.970495005123,99.20800018310547
2026-06-02 21:40:00+00:00,67658.8671875,1516.06005859375,159.8489990234375,93.65885287425557,4521.014752497438,99.20800018310547
2026-06-02 21:41:00+00:00,67602.9921875,1516.0999755859375,159.86399841308594,93.66541027631916,4521.0590099897545,99.20800018310547
2026-06-02 21:42:00+00:00,67603.390625,1516.18994140625,159.86300659179688,93.67196767838274,4521.10326748207,99.20700073242188
2026-06-02 21:43:00+00:00,67633.4765625,1516.3599853515625,159.87399291992188,93.67852508044633,4521.147524974385,99.20800018310547
2026-06-02 21:44:00+00:00,67604.84375,1516.5,159.8699951171875,93.68508248250993,4521.191782466701,99.20899963378906
2026-06-02 21:45:00+00:00,67602.2421875,1516.25,159.8699951171875,93.69163988457352,4521.236039959016,99.20800018310547
2026-06-02 21:46:00+00:00,67582.3125,1516.1099853515625,159.8719940185547,93.6981972866371,4521.2802974513315,99.20899963378906
2026-06-02 21:47:00+00:00,67578.6875,1516.2900390625,159.85800170898438,93.70475468870069,4521.324554943648,99.20899963378906
2026-06-02 21:48:00+00:00,67570.328125,1516.22998046875,159.87899780273438,93.71131209076428,4521.368812435963,99.20899963378906
2026-06-02 21:49:00+00:00,67517.1796875,1516.31005859375,159.8699951171875,93.71786949282787,4521.413069928279,99.20899963378906
2026-06-02 21:50:00+00:00,67518.8828125,1516.1800537109375,159.88499450683594,93.72442689489145,4521.457327420594,99.20800018310547
2026-06-02 21:51:00+00:00,67476.109375,1516.260009765625,159.88600158691406,93.73098429695504,4521.5015849129095,99.20700073242188
2026-06-02 21:52:00+00:00,67478.03125,1516.239990234375,159.85899353027344,93.73754169901864,4521.545842405226,99.20500183105469
2026-06-02 21:53:00+00:00,67483.1796875,1516.239990234375,159.87899780273438,93.74409910108223,4521.590099897541,99.2040023803711
2026-06-02 21:54:00+00:00,67422.7734375,1516.219970703125,159.875,93.7506565031458,4521.634357389857,99.2020034790039
2026-06-02 21:55:00+00:00,67424.2890625,1515.6800537109375,159.89100646972656,93.7572139052094,4521.678614882172,99.2030029296875
2026-06-02 21:56:00+00:00,67466.1328125,1515.3599853515625,159.8979949951172,93.76377130727299,4521.722872374487,99.2040023803711
2026-06-02 21:57:00+00:00,67530.7890625,1515.780029296875,159.89199829101562,93.77032870933658,4521.767129866803,99.2020034790039
2026-06-02 21:58:00+00:00,67493.0703125,1516.3900146484375,159.89599609375,93.77688611140016,4521.811387359119,99.21199798583984
2026-06-02 21:59:00+00:00,67460.0,1516.4100341796875,159.89700317382812,93.78344351346375,4521.855644851435,99.22000122070312
2026-06-02 22:00:00+00:00,67319.5,1515.510009765625,159.88699340820312,93.79000091552734,4521.89990234375,99.21700286865234
2026-06-02 22:01:00+00:00,67318.03125,1515.6800537109375,159.87100219726562,93.75,4520.7998046875,99.2229995727539
2026-06-02 22:02:00+00:00,67339.75,1515.8599853515625,159.90699768066406,93.81999969482422,4520.0,99.2249984741211
2026-06-02 22:03:00+00:00,67255.2421875,1515.6400146484375,159.87899780273438,93.75,4519.2001953125,99.2249984741211
2026-06-02 22:04:00+00:00,67255.5390625,1515.3299560546875,159.91299438476562,93.94999694824219,4519.60009765625,99.2239990234375
2026-06-02 22:05:00+00:00,67273.953125,1515.8199462890625,159.906005859375,93.88999938964844,4519.0,99.22479112077467
2026-06-02 22:06:00+00:00,67309.4921875,1515.75,159.93099975585938,93.9000015258789,4520.10009765625,99.22558321811185
2026-06-02 22:07:00+00:00,67332.1484375,1515.25,159.91200256347656,93.80999755859375,4520.7998046875,99.22637531544902
2026-06-02 22:08:00+00:00,67339.9921875,1515.5699462890625,159.906005859375,93.80000305175781,4522.10009765625,99.2271674127862
2026-06-02 22:09:00+00:00,67237.03125,1515.550048828125,159.9040069580078,93.7699966430664,4521.2998046875,99.22795951012337
2026-06-02 22:10:00+00:00,67207.0078125,1515.6800537109375,159.91400146484375,93.9000015258789,4520.60009765625,99.22875160746055
2026-06-02 22:11:00+00:00,67178.6015625,1515.97998046875,159.9040069580078,93.87000274658203,4521.39990234375,99.22954370479772
2026-06-02 22:12:00+00:00,67170.0078125,1515.52001953125,159.8990020751953,93.94000244140625,4520.2998046875,99.2303358021349
2026-06-02 22:13:00+00:00,67133.5625,1516.1600341796875,159.93099975585938,94.0,4519.2998046875,99.23112789947207
2026-06-02 22:14:00+00:00,67109.1328125,1515.5,159.93299865722656,93.97000122070312,4519.0,99.23191999680925
2026-06-02 22:15:00+00:00,67076.7109375,1515.1400146484375,159.91200256347656,94.0199966430664,4518.39990234375,99.23271209414642
2026-06-02 22:16:00+00:00,67064.921875,1517.18994140625,159.94000244140625,94.0199966430664,4518.7001953125,99.2335041914836
2026-06-02 22:17:00+00:00,66970.0078125,1515.6600341796875,159.94000244140625,93.94999694824219,4518.10009765625,99.23429628882077
2026-06-02 22:18:00+00:00,66967.0703125,1515.760009765625,159.92300415039062,93.97000122070312,4517.89990234375,99.23508838615795
2026-06-02 22:19:00+00:00,66957.640625,1515.6800537109375,159.91400146484375,93.9800033569336,4518.10009765625,99.23588048349512
2026-06-02 22:20:00+00:00,66961.1796875,1515.81005859375,159.9340057373047,93.87999725341797,4519.89990234375,99.2366725808323
2026-06-02 22:21:00+00:00,67071.0078125,1515.8199462890625,159.93099975585938,93.9800033569336,4519.2001953125,99.23746467816947
2026-06-02 22:22:00+00:00,67182.7265625,1515.8800048828125,159.9290008544922,94.0,4519.0,99.23825677550666
2026-06-02 22:23:00+00:00,67282.28125,1515.27001953125,159.9199981689453,93.9800033569336,4517.89990234375,99.23904887284382
2026-06-02 22:24:00+00:00,67261.2890625,1515.4000244140625,159.91700744628906,93.98999786376953,4517.7998046875,99.239840970181
2026-06-02 22:25:00+00:00,67257.0,1515.8699951171875,159.91700744628906,93.94999694824219,4516.7998046875,99.24063306751817
2026-06-02 22:26:00+00:00,67244.0,1515.8399658203125,159.91400146484375,93.87000274658203,4517.10009765625,99.24142516485536
2026-06-02 22:27:00+00:00,67286.9921875,1515.9599609375,159.92100524902344,93.83000183105469,4518.7998046875,99.24221726219253
2026-06-02 22:28:00+00:00,67288.3125,1515.239990234375,159.92300415039062,93.83999633789062,4517.7998046875,99.24300935952971
2026-06-02 22:29:00+00:00,67187.6796875,1515.300048828125,159.91600036621094,93.83999633789062,4519.0,99.24380145686688
2026-06-02 22:30:00+00:00,67024.7109375,1515.300048828125,159.92300415039062,93.87999725341797,4518.39990234375,99.24459355420406
2026-06-02 22:31:00+00:00,67005.0,1515.300048828125,159.9250030517578,93.8499984741211,4519.2998046875,99.24538565154123
2026-06-02 22:32:00+00:00,67140.3125,1515.300048828125,159.9239959716797,93.86000061035156,4520.2001953125,99.24617774887841
2026-06-02 22:33:00+00:00,67103.9921875,1515.300048828125,159.91099548339844,93.87999725341797,4518.39990234375,99.24696984621558
2026-06-02 22:34:00+00:00,66961.0,1515.300048828125,159.927001953125,93.80999755859375,4517.2001953125,99.24776194355276
2026-06-02 22:35:00+00:00,66890.828125,1515.300048828125,159.91200256347656,93.80000305175781,4516.60009765625,99.24855404088993
2026-06-02 22:36:00+00:00,66940.09375,1515.300048828125,159.9149932861328,93.87999725341797,4517.10009765625,99.24934613822711
2026-06-02 22:37:00+00:00,66935.1796875,1515.300048828125,159.9250030517578,93.83000183105469,4517.7998046875,99.25013823556428
2026-06-02 22:38:00+00:00,66991.609375,1515.300048828125,159.9250030517578,93.81999969482422,4517.5,99.25093033290145
2026-06-02 22:39:00+00:00,66880.1171875,1515.300048828125,159.93899536132812,93.8499984741211,4517.7001953125,99.25172243023863
2026-06-02 22:40:00+00:00,66797.0625,1515.300048828125,159.93299865722656,93.91000366210938,4518.2001953125,99.2525145275758
2026-06-02 22:41:00+00:00,66758.4609375,1515.300048828125,159.92999267578125,93.93000030517578,4518.0,99.25330662491298
2026-06-02 22:42:00+00:00,66786.8203125,1515.300048828125,159.9219970703125,93.86000061035156,4518.2998046875,99.25409872225015
2026-06-02 22:43:00+00:00,66807.9921875,1515.300048828125,159.93099975585938,93.91000366210938,4517.60009765625,99.25489081958733
2026-06-02 22:44:00+00:00,66851.9296875,1515.300048828125,159.92799377441406,93.91999816894531,4518.10009765625,99.2556829169245
2026-06-02 22:45:00+00:00,66673.7421875,1515.300048828125,159.927001953125,93.95999908447266,4515.2001953125,99.25647501426168
2026-06-02 22:46:00+00:00,66724.0234375,1515.300048828125,159.9290008544922,93.91999816894531,4515.10009765625,99.25726711159885
2026-06-02 22:47:00+00:00,66712.15625,1515.300048828125,159.93299865722656,93.88999938964844,4518.0,99.25805920893603
2026-06-02 22:48:00+00:00,66538.6796875,1515.300048828125,159.93699645996094,93.91000366210938,4517.7001953125,99.2588513062732
2026-06-02 22:49:00+00:00,66648.0078125,1515.300048828125,159.9250030517578,93.91999816894531,4518.2998046875,99.25964340361038
2026-06-02 22:50:00+00:00,66499.0,1515.300048828125,159.9429931640625,93.9800033569336,4518.7998046875,99.26043550094755
2026-06-02 22:51:00+00:00,66461.7734375,1515.300048828125,159.93800354003906,94.1500015258789,4518.5,99.26122759828473
2026-06-02 22:52:00+00:00,66358.0,1515.300048828125,159.93899536132812,94.25,4518.5,99.2620196956219
2026-06-02 22:53:00+00:00,66465.359375,1515.300048828125,159.93800354003906,94.25,4515.89990234375,99.26281179295908
2026-06-02 22:54:00+00:00,66450.796875,1515.300048828125,159.95399475097656,94.16999816894531,4516.10009765625,99.26360389029625
2026-06-02 22:55:00+00:00,66589.9921875,1515.300048828125,159.9510040283203,93.97000122070312,4517.10009765625,99.26439598763343
2026-06-02 22:56:00+00:00,66616.71875,1515.300048828125,159.94400024414062,94.04000091552734,4516.7001953125,99.2651880849706
2026-06-02 22:57:00+00:00,66481.9921875,1515.300048828125,159.93800354003906,94.06999969482422,4516.2998046875,99.26598018230779
2026-06-02 22:58:00+00:00,66278.421875,1515.300048828125,159.94400024414062,94.19000244140625,4514.89990234375,99.26677227964495
2026-06-02 22:59:00+00:00,66272.703125,1515.300048828125,159.94550323486328,94.25,4514.0,99.26756437698214
2026-06-02 23:00:00+00:00,66234.0,1515.300048828125,159.94700622558594,94.23999786376953,4515.7001953125,99.2683564743193
2026-06-02 23:01:00+00:00,66160.0390625,1515.300048828125,159.95700073242188,94.30999755859375,4516.5,99.26914857165649
2026-06-02 23:02:00+00:00,66183.75,1515.300048828125,159.95799255371094,94.54000091552734,4514.5,99.26994066899366
2026-06-02 23:03:00+00:00,66156.0,1515.300048828125,159.9669952392578,94.66999816894531,4512.60009765625,99.27073276633084
2026-06-02 23:04:00+00:00,66222.0,1515.300048828125,159.97000122070312,94.68000030517578,4514.0,99.271524863668
2026-06-02 23:05:00+00:00,66222.890625,1515.300048828125,159.9709930419922,94.56999969482422,4512.89990234375,99.27231696100519
2026-06-02 23:06:00+00:00,66346.7109375,1515.300048828125,159.96400451660156,94.54000091552734,4511.60009765625,99.27310905834236
2026-06-02 23:07:00+00:00,66464.3203125,1515.300048828125,159.97000122070312,94.69000244140625,4510.89990234375,99.27390115567954
2026-06-02 23:08:00+00:00,66514.0,1515.300048828125,159.96200561523438,94.69000244140625,4511.39990234375,99.27469325301671
2026-06-02 23:09:00+00:00,66376.0,1515.300048828125,159.96400451660156,94.72000122070312,4511.10009765625,99.27548535035389
2026-06-02 23:10:00+00:00,66505.5234375,1515.300048828125,159.97900390625,94.66999816894531,4503.89990234375,99.27627744769106
2026-06-02 23:11:00+00:00,66570.9609375,1515.300048828125,159.98300170898438,94.72000122070312,4508.39990234375,99.27706954502824
2026-06-02 23:12:00+00:00,66579.1015625,1515.300048828125,159.97900390625,94.73999786376953,4508.0,99.27786164236541
2026-06-02 23:13:00+00:00,66552.0234375,1515.300048828125,159.9739990234375,94.86000061035156,4505.5,99.27865373970258
2026-06-02 23:14:00+00:00,66595.9921875,1515.300048828125,159.96499633789062,94.83999633789062,4506.2998046875,99.27944583703976
2026-06-02 23:15:00+00:00,66647.9375,1515.300048828125,159.968994140625,94.83000183105469,4505.39990234375,99.28023793437693
2026-06-02 23:16:00+00:00,66643.46875,1515.300048828125,159.9759979248047,95.05000305175781,4502.60009765625,99.28103003171411
2026-06-02 23:17:00+00:00,66523.359375,1515.300048828125,159.97900390625,95.06999969482422,4502.10009765625,99.28182212905128
2026-06-02 23:18:00+00:00,66466.0,1515.300048828125,159.9709930419922,95.12000274658203,4504.89990234375,99.28261422638846
2026-06-02 23:19:00+00:00,66438.0,1515.300048828125,159.9720001220703,95.38999938964844,4498.89990234375,99.28340632372563
2026-06-02 23:20:00+00:00,66494.0,1515.300048828125,159.98599243164062,95.19999694824219,4499.39990234375,99.28419842106281
2026-06-02 23:21:00+00:00,66447.453125,1515.300048828125,159.97799682617188,95.51000213623047,4497.2001953125,99.28499051839998
2026-06-02 23:22:00+00:00,66509.9921875,1515.300048828125,159.98300170898438,95.37000274658203,4498.10009765625,99.28578261573716
2026-06-02 23:23:00+00:00,66444.0390625,1515.300048828125,159.98399353027344,95.62999725341797,4496.60009765625,99.28657471307433
2026-06-02 23:24:00+00:00,66359.546875,1515.300048828125,159.9739990234375,95.7699966430664,4496.2998046875,99.28736681041151
2026-06-02 23:25:00+00:00,66115.0,1515.350324842665,159.98800659179688,95.9800033569336,4496.5,99.28815890774868
2026-06-02 23:26:00+00:00,66188.6875,1515.4006008572048,159.9739990234375,95.8499984741211,4499.2001953125,99.28895100508586
2026-06-02 23:27:00+00:00,66251.90625,1515.4508768717449,159.98800659179688,95.91999816894531,4497.7998046875,99.28974310242303
2026-06-02 23:28:00+00:00,66285.140625,1515.5011528862847,159.97999572753906,95.83999633789062,4492.39990234375,99.29053519976021
2026-06-02 23:29:00+00:00,66338.0078125,1515.5514289008247,159.96800231933594,95.5999984741211,4495.7998046875,99.29132729709738
2026-06-02 23:30:00+00:00,66279.609375,1515.6017049153645,159.97799682617188,95.68000030517578,4492.2001953125,99.29211939443456
2026-06-02 23:31:00+00:00,66189.9921875,1515.6519809299045,159.9810028076172,95.7699966430664,4492.39990234375,99.29291149177173
2026-06-02 23:32:00+00:00,66283.9765625,1515.7022569444443,159.9759979248047,95.70999908447266,4491.7998046875,99.29370358910892
2026-06-02 23:33:00+00:00,66470.859375,1515.7525329589844,159.9810028076172,95.5999984741211,4495.0,99.29449568644608
2026-06-02 23:34:00+00:00,66447.4296875,1515.8028089735244,159.97500610351562,95.61000061035156,4494.60009765625,99.29528778378327
2026-06-02 23:35:00+00:00,66485.7890625,1515.8530849880642,159.97300720214844,95.08000183105469,4494.7001953125,99.29607988112043
2026-06-02 23:36:00+00:00,66388.3828125,1515.9033610026042,159.9759979248047,95.30000305175781,4495.39990234375,99.29687197845762
2026-06-02 23:37:00+00:00,66378.0,1515.953637017144,159.98699951171875,95.45999908447266,4495.89990234375,99.29766407579478
2026-06-02 23:38:00+00:00,66488.0234375,1516.003913031684,159.97799682617188,95.2300033569336,4495.7998046875,99.29845617313197
2026-06-02 23:39:00+00:00,66447.328125,1516.0541890462239,159.97999572753906,95.37999725341797,4494.5,99.29924827046914
2026-06-02 23:40:00+00:00,66474.7265625,1516.104465060764,159.99600219726562,95.36000061035156,4493.7998046875,99.30004036780632
2026-06-02 23:41:00+00:00,66447.5390625,1516.1547410753037,159.98699951171875,95.22000122070312,4497.7001953125,99.30083246514349
2026-06-02 23:42:00+00:00,66499.9921875,1516.2050170898438,159.98399353027344,95.12999725341797,4499.5,99.30162456248067
2026-06-02 23:43:00+00:00,66496.609375,1516.2552931043838,159.98399353027344,94.93000030517578,4499.10009765625,99.30241665981784
2026-06-02 23:44:00+00:00,66613.0390625,1516.3055691189236,159.9759979248047,94.87000274658203,4503.2998046875,99.30320875715502
2026-06-02 23:45:00+00:00,66616.0078125,1516.3558451334636,159.9949951171875,94.91000366210938,4499.10009765625,99.30400085449219
2026-06-02 23:46:00+00:00,66624.6171875,1516.4061211480034,159.9770050048828,94.91000366210938,4500.60009765625,99.29900360107422
2026-06-02 23:47:00+00:00,66674.7890625,1516.4563971625435,159.98199462890625,95.02999877929688,4500.7998046875,99.30400085449219
2026-06-02 23:48:00+00:00,66665.7578125,1516.5066731770833,159.98899841308594,94.95999908447266,4498.0,99.30599975585938
2026-06-02 23:49:00+00:00,66669.0390625,1516.5569491916233,159.9720001220703,94.83999633789062,4500.10009765625,99.29900360107422
2026-06-02 23:50:00+00:00,66660.0,1516.607225206163,159.97900390625,94.8499984741211,4502.2998046875,99.2969970703125
2026-06-02 23:51:00+00:00,66625.0,1516.6575012207031,159.9810028076172,94.81999969482422,4503.0,99.2979965209961
2026-06-02 23:52:00+00:00,66621.9921875,1516.7077772352432,159.9810028076172,94.8499984741211,4500.89990234375,99.29499816894531
2026-06-02 23:53:00+00:00,66636.703125,1516.758053249783,159.97999572753906,94.95999908447266,4499.7998046875,99.2979965209961
2026-06-02 23:54:00+00:00,66673.8828125,1516.808329264323,159.9709930419922,94.8499984741211,4501.89990234375,99.29399871826172
2026-06-02 23:55:00+00:00,66704.296875,1516.8586052788628,159.9669952392578,94.86000061035156,4500.89990234375,99.29499816894531
2026-06-02 23:56:00+00:00,66749.5234375,1516.9088812934028,159.97300720214844,94.80000305175781,4501.0,99.2959976196289
2026-06-02 23:57:00+00:00,66734.9765625,1516.9591573079426,159.96800231933594,94.63999938964844,4502.60009765625,99.29199981689453
2026-06-02 23:58:00+00:00,66662.6171875,1517.0094333224827,159.9770050048828,94.7699966430664,4502.7998046875,99.29399871826172
2026-06-02 23:59:00+00:00,66701.89453125,1517.0597093370225,159.97999572753906,94.61000061035156,4502.89990234375,99.2959976196289
2026-06-03 00:00:00+00:00,66741.171875,1517.1099853515625,159.96800231933594,94.41999816894531,4507.0,99.29399871826172
2026-06-03 00:01:00+00:00,66687.203125,1517.449951171875,159.96299743652344,94.30999755859375,4506.7998046875,99.29399871826172
2026-06-03 00:02:00+00:00,66645.890625,1517.239990234375,159.9739990234375,94.38999938964844,4506.0,99.2969970703125
2026-06-03 00:03:00+00:00,66611.9921875,1517.6099853515625,159.96099853515625,94.41999816894531,4506.7001953125,99.29199981689453
2026-06-03 00:04:00+00:00,66639.71875,1517.3900146484375,159.95399475097656,94.48999786376953,4507.10009765625,99.28700256347656
2026-06-03 00:05:00+00:00,66638.25,1517.280029296875,159.96099853515625,94.45999908447266,4507.89990234375,99.28600311279297
2026-06-03 00:06:00+00:00,66677.1875,1517.3900146484375,159.95599365234375,94.4800033569336,4507.2001953125,99.28199768066406
2026-06-03 00:07:00+00:00,66663.5625,1517.199951171875,159.95599365234375,94.55000305175781,4504.39990234375,99.28199768066406
2026-06-03 00:08:00+00:00,66643.328125,1517.300048828125,159.95599365234375,94.4800033569336,4504.2998046875,99.28500366210938
2026-06-03 00:09:00+00:00,66746.0,1517.3900146484375,159.96099853515625,94.51000213623047,4505.2998046875,99.28500366210938
2026-06-03 00:10:00+00:00,66746.09375,1517.93994140625,159.95399475097656,94.54000091552734,4503.2001953125,99.28500366210938
2026-06-03 00:11:00+00:00,66717.0078125,1518.050048828125,159.95899963378906,94.5199966430664,4505.0,99.28099822998047
2026-06-03 00:12:00+00:00,66728.0,1518.02001953125,159.96299743652344,94.5999984741211,4503.5,99.28099822998047
2026-06-03 00:13:00+00:00,66715.9765625,1518.219970703125,159.95599365234375,94.7300033569336,4504.10009765625,99.28099822998047
2026-06-03 00:14:00+00:00,66701.640625,1518.5,159.95199584960938,94.73999786376953,4504.2001953125,99.27799987792969
2026-06-03 00:15:00+00:00,66750.0234375,1518.3800048828125,159.95199584960938,94.81999969482422,4504.0,99.27999877929688
2026-06-03 00:16:00+00:00,66893.3125,1517.8800048828125,159.95399475097656,94.80000305175781,4503.7001953125,99.27799987792969
2026-06-03 00:17:00+00:00,66983.03125,1518.4599609375,159.95899963378906,94.66000366210938,4506.7001953125,99.27200317382812
2026-06-03 00:18:00+00:00,67000.0078125,1518.6400146484375,159.95199584960938,94.5999984741211,4506.2998046875,99.2699966430664
2026-06-03 00:19:00+00:00,66985.6171875,1518.719970703125,159.95199584960938,94.54000091552734,4506.2001953125,99.26599884033203
2026-06-03 00:20:00+00:00,66932.0,1518.47998046875,159.94200134277344,94.55999755859375,4506.39990234375,99.26499938964844
2026-06-03 00:21:00+00:00,66888.0078125,1518.0799560546875,159.9149932861328,94.5199966430664,4510.39990234375,99.2490005493164
2026-06-03 00:22:00+00:00,66900.0,1518.1800537109375,159.91600036621094,94.52999877929688,4508.7001953125,99.25399780273438
2026-06-03 00:23:00+00:00,66789.0,1518.4000244140625,159.92100524902344,94.58000183105469,4508.0,99.25399780273438
2026-06-03 00:24:00+00:00,66786.328125,1518.3900146484375,159.9219970703125,94.58999633789062,4507.0,99.25399780273438
2026-06-03 00:25:00+00:00,66812.46875,1518.4000244140625,159.9250030517578,94.66000366210938,4507.39990234375,99.25399780273438
2026-06-03 00:26:00+00:00,66809.6171875,1518.030029296875,159.91799926757812,94.73999786376953,4508.7998046875,99.2490005493164
2026-06-03 00:27:00+00:00,66769.9921875,1518.27001953125,159.91799926757812,94.73999786376953,4509.10009765625,99.24700164794922
2026-06-03 00:28:00+00:00,66690.0,1518.31005859375,159.9149932861328,94.73999786376953,4510.7998046875,99.24700164794922
2026-06-03 00:29:00+00:00,66681.9921875,1518.1600341796875,159.91200256347656,94.61000061035156,4511.2998046875,99.24500274658203
2026-06-03 00:30:00+00:00,66624.8515625,1518.1099853515625,159.9010009765625,94.55999755859375,4511.5,99.24400329589844
2026-06-03 00:31:00+00:00,66704.3125,1518.22998046875,159.89700317382812,94.55000305175781,4511.60009765625,99.23699951171875
2026-06-03 00:32:00+00:00,66781.0234375,1518.02001953125,159.8979949951172,94.63999938964844,4510.39990234375,99.23899841308594
2026-06-03 00:33:00+00:00,66885.0,1517.72998046875,159.8979949951172,94.68000030517578,4512.2998046875,99.23799896240234
2026-06-03 00:34:00+00:00,66895.9921875,1517.81005859375,159.906005859375,94.58999633789062,4513.39990234375,99.23600006103516
2026-06-03 00:35:00+00:00,66950.0,1517.6199951171875,159.906005859375,94.58999633789062,4516.0,99.23699951171875
2026-06-03 00:36:00+00:00,66943.15625,1518.1400146484375,159.9029998779297,94.6500015258789,4514.2001953125,99.23500061035156
2026-06-03 00:37:00+00:00,66984.6484375,1517.800048828125,159.9010009765625,94.63999938964844,4515.5,99.23300170898438
2026-06-03 00:38:00+00:00,67001.7421875,1517.68994140625,159.90699768066406,94.58999633789062,4516.2001953125,99.23300170898438
2026-06-03 00:39:00+00:00,66954.03125,1517.97998046875,159.90699768066406,94.56999969482422,4520.2998046875,99.22799682617188
2026-06-03 00:40:00+00:00,66957.8125,1517.52001953125,159.8990020751953,94.62000274658203,4522.60009765625,99.22200012207031
2026-06-03 00:41:00+00:00,66945.28125,1517.68994140625,159.8979949951172,94.62000274658203,4524.0,99.21800231933594
2026-06-03 00:42:00+00:00,66967.9375,1517.75,159.9080047607422,94.5999984741211,4523.7001953125,99.2239990234375
2026-06-03 00:43:00+00:00,66947.2421875,1517.6800537109375,159.90699768066406,94.5999984741211,4523.2998046875,99.2239990234375
2026-06-03 00:44:00+00:00,66980.296875,1517.5999755859375,159.90699768066406,94.55000305175781,4524.2001953125,99.23200225830078
2026-06-03 00:45:00+00:00,66990.640625,1517.6500244140625,159.91900634765625,94.56999969482422,4521.7998046875,99.23300170898438
2026-06-03 00:46:00+00:00,66910.4765625,1517.719970703125,159.9199981689453,94.55000305175781,4520.2998046875,99.23699951171875
2026-06-03 00:47:00+00:00,66936.140625,1517.780029296875,159.9239959716797,94.55999755859375,4519.2998046875,99.23699951171875
2026-06-03 00:48:00+00:00,66920.0,1517.8299560546875,159.91700744628906,94.58000183105469,4518.10009765625,99.23999786376953
2026-06-03 00:49:00+00:00,66880.0625,1517.530029296875,159.9219970703125,94.62000274658203,4519.5,99.23699951171875
2026-06-03 00:50:00+00:00,66886.828125,1517.52001953125,159.92300415039062,94.54000091552734,4519.60009765625,99.23200225830078
2026-06-03 00:51:00+00:00,66896.96875,1517.6800537109375,159.91200256347656,94.5,4519.60009765625,99.22899627685547
2026-06-03 00:52:00+00:00,66876.9375,1517.449951171875,159.9239959716797,94.45999908447266,4519.0,99.23200225830078
2026-06-03 00:53:00+00:00,66884.1328125,1517.6500244140625,159.93899536132812,94.4800033569336,4517.5,99.23899841308594
2026-06-03 00:54:00+00:00,66925.15625,1517.469970703125,159.94900512695312,94.4800033569336,4517.2998046875,99.23999786376953
2026-06-03 00:55:00+00:00,66939.6875,1517.6700439453125,159.9459991455078,94.4800033569336,4516.5,99.24299621582031
2026-06-03 00:56:00+00:00,66882.0,1517.5799560546875,159.9550018310547,94.4800033569336,4516.39990234375,99.23999786376953
2026-06-03 00:57:00+00:00,66925.890625,1517.6500244140625,159.93699645996094,94.48999786376953,4515.60009765625,99.23500061035156
2026-06-03 00:58:00+00:00,66883.453125,1517.510009765625,159.92799377441406,94.52999877929688,4514.10009765625,99.23400115966797
2026-06-03 00:59:00+00:00,66838.0078125,1517.489990234375,159.93499755859375,94.37999725341797,4514.39990234375,99.23500061035156
2026-06-03 01:00:00+00:00,66775.28125,1517.510009765625,159.9320068359375,94.63999938964844,4509.5,99.24199676513672
2026-06-03 01:01:00+00:00,66704.3125,1517.800048828125,159.93499755859375,94.75,4503.0,99.24299621582031
2026-06-03 01:02:00+00:00,66708.953125,1518.2099609375,159.9239959716797,94.72000122070312,4504.5,99.24500274658203
2026-06-03 01:03:00+00:00,66748.9296875,1518.0999755859375,159.92599487304688,94.83000183105469,4505.2001953125,99.24600219726562
2026-06-03 01:04:00+00:00,66825.78125,1518.1800537109375,159.9250030517578,94.8499984741211,4501.7001953125,99.24500274658203
2026-06-03 01:05:00+00:00,66776.7578125,1518.050048828125,159.9219970703125,94.87999725341797,4502.2998046875,99.24400329589844
2026-06-03 01:06:00+00:00,66765.0,1518.0899658203125,159.9290008544922,94.94999694824219,4498.7001953125,99.25
2026-06-03 01:07:00+00:00,66770.578125,1517.8199462890625,159.92799377441406,94.91999816894531,4496.0,99.2509994506836
2026-06-03 01:08:00+00:00,66741.46875,1517.8800048828125,159.91700744628906,94.87999725341797,4499.7001953125,99.23899841308594
2026-06-03 01:09:00+00:00,66734.953125,1517.6600341796875,159.92100524902344,94.87999725341797,4502.2001953125,99.24099731445312
2026-06-03 01:10:00+00:00,66677.25,1517.6199951171875,159.90899658203125,94.73999786376953,4505.0,99.23500061035156
2026-06-03 01:11:00+00:00,66670.5078125,1517.6300048828125,159.91200256347656,94.75,4504.60009765625,99.23699951171875
2026-06-03 01:12:00+00:00,66587.9296875,1517.699951171875,159.91700744628906,94.77999877929688,4499.7998046875,99.24199676513672
2026-06-03 01:13:00+00:00,66603.8671875,1517.93994140625,159.90899658203125,94.76000213623047,4500.2001953125,99.23799896240234
2026-06-03 01:14:00+00:00,66729.2265625,1517.5799560546875,159.90199279785156,94.91999816894531,4500.10009765625,99.23600006103516
2026-06-03 01:15:00+00:00,66773.9921875,1517.81005859375,159.90699768066406,94.97000122070312,4499.0,99.23600006103516
2026-06-03 01:16:00+00:00,66838.3203125,1517.7900390625,159.91600036621094,94.94999694824219,4499.5,99.23500061035156
2026-06-03 01:17:00+00:00,66804.7109375,1517.9000244140625,159.91400146484375,95.01000213623047,4500.7001953125,99.24299621582031
2026-06-03 01:18:00+00:00,66790.0390625,1517.530029296875,159.91200256347656,94.95999908447266,4500.0,99.23699951171875
2026-06-03 01:19:00+00:00,66777.2890625,1517.489990234375,159.90899658203125,95.05000305175781,4497.5,99.23799896240234
2026-06-03 01:20:00+00:00,66795.5625,1517.5799560546875,159.9199981689453,95.04000091552734,4497.7001953125,99.23899841308594
2026-06-03 01:21:00+00:00,66836.859375,1517.8199462890625,159.9080047607422,95.02999877929688,4498.5,99.23500061035156
2026-06-03 01:22:00+00:00,66825.9921875,1517.780029296875,159.90199279785156,95.08000183105469,4497.10009765625,99.23100280761719
2026-06-03 01:23:00+00:00,66848.5703125,1517.81005859375,159.89300537109375,95.05999755859375,4496.60009765625,99.22899627685547
2026-06-03 01:24:00+00:00,66845.4921875,1517.8199462890625,159.89199829101562,95.05000305175781,4494.39990234375,99.22599792480469
2026-06-03 01:25:00+00:00,66856.0703125,1517.6099853515625,159.89199829101562,95.02999877929688,4495.10009765625,99.2229995727539
2026-06-03 01:26:00+00:00,66884.0078125,1517.81005859375,159.88999938964844,95.01000213623047,4493.39990234375,99.2229995727539
2026-06-03 01:27:00+00:00,66920.0,1517.5400390625,159.87600708007812,94.93000030517578,4494.2001953125,99.21700286865234
2026-06-03 01:28:00+00:00,66935.9921875,1517.7900390625,159.8730010986328,94.87000274658203,4495.0,99.21700286865234
2026-06-03 01:29:00+00:00,66920.6328125,1516.6600341796875,159.8820037841797,94.81999969482422,4495.60009765625,99.21600341796875
2026-06-03 01:30:00+00:00,66949.0234375,1517.2099609375,159.87899780273438,94.76000213623047,4499.0,99.21600341796875
2026-06-03 01:31:00+00:00,66940.8515625,1516.8499755859375,159.88099670410156,94.7699966430664,4498.7001953125,99.2229995727539
2026-06-03 01:32:00+00:00,66889.1484375,1517.0699462890625,159.8780059814453,94.94000244140625,4499.2001953125,99.22100067138672
2026-06-03 01:33:00+00:00,66820.453125,1516.75,159.88699340820312,94.91999816894531,4497.89990234375,99.22100067138672
2026-06-03 01:34:00+00:00,66805.6875,1516.5400390625,159.87899780273438,94.91999816894531,4499.39990234375,99.21399688720703
2026-06-03 01:35:00+00:00,66754.84375,1516.010009765625,159.88400268554688,94.9000015258789,4500.10009765625,99.21199798583984
2026-06-03 01:36:00+00:00,66633.3203125,1515.989990234375,159.87600708007812,94.83999633789062,4499.60009765625,99.21199798583984
2026-06-03 01:37:00+00:00,66561.5703125,1516.0400390625,159.86700439453125,94.94999694824219,4496.2998046875,99.20999908447266
2026-06-03 01:38:00+00:00,66553.1328125,1515.739990234375,159.8520050048828,94.93000030517578,4497.7001953125,99.19999694824219
2026-06-03 01:39:00+00:00,66537.3515625,1516.1300048828125,159.85899353027344,94.91000366210938,4494.0,99.20600128173828
2026-06-03 01:40:00+00:00,66502.2890625,1515.81005859375,159.85899353027344,94.91000366210938,4495.10009765625,99.20800018310547
2026-06-03 01:41:00+00:00,66522.0,1515.5999755859375,159.86300659179688,94.9000015258789,4497.5,99.20700073242188
2026-06-03 01:42:00+00:00,66490.65625,1516.050048828125,159.8470001220703,94.91999816894531,4497.60009765625,99.20999908447266
2026-06-03 01:43:00+00:00,66399.75,1515.97998046875,159.85299682617188,94.94000244140625,4498.0,99.20800018310547
2026-06-03 01:44:00+00:00,66422.0,1516.1300048828125,159.84300231933594,94.95999908447266,4498.2001953125,99.2040023803711
2026-06-03 01:45:00+00:00,66422.65625,1516.1800537109375,159.8509979248047,94.91000366210938,4498.7998046875,99.20700073242188
2026-06-03 01:46:00+00:00,66452.8125,1516.030029296875,159.84300231933594,94.94000244140625,4502.5,99.2030029296875
2026-06-03 01:47:00+00:00,66454.609375,1516.1400146484375,159.81500244140625,94.93000030517578,4501.7001953125,99.19499969482422
2026-06-03 01:48:00+00:00,66440.6484375,1516.0,159.82000732421875,94.87999725341797,4503.10009765625,99.1969985961914
2026-06-03 01:49:00+00:00,66539.09375,1516.02001953125,159.81700134277344,94.9000015258789,4503.7998046875,99.19100189208984
2026-06-03 01:50:00+00:00,66545.5078125,1516.0400390625,159.82699584960938,94.94999694824219,4502.39990234375,99.20099639892578
2026-06-03 01:51:00+00:00,66659.671875,1516.2099609375,159.8300018310547,94.88999938964844,4505.10009765625,99.2030029296875
2026-06-03 01:52:00+00:00,66738.09375,1516.219970703125,159.84500122070312,94.86000061035156,4503.0,99.20899963378906
2026-06-03 01:53:00+00:00,66900.34375,1516.1600341796875,159.83700561523438,94.87999725341797,4502.2001953125,99.20899963378906
2026-06-03 01:54:00+00:00,66906.4921875,1516.0999755859375,159.8459930419922,94.86000061035156,4502.2998046875,99.20999908447266
2026-06-03 01:55:00+00:00,66880.0,1516.0899658203125,159.86099243164062,94.87999725341797,4504.60009765625,99.21499633789062
2026-06-03 01:56:00+00:00,66835.6875,1516.18994140625,159.85499572753906,94.87999725341797,4502.2998046875,99.22200012207031
2026-06-03 01:57:00+00:00,66823.7421875,1516.1800537109375,159.8699951171875,94.91000366210938,4500.89990234375,99.23699951171875
2026-06-03 01:58:00+00:00,66820.4375,1516.1500244140625,159.85699462890625,94.8499984741211,4502.7998046875,99.22799682617188
2026-06-03 01:59:00+00:00,66817.09375,1515.8499755859375,159.85400390625,94.8499984741211,4504.0,99.22200012207031
2026-06-03 02:00:00+00:00,66717.828125,1515.9599609375,159.85699462890625,94.80000305175781,4502.2001953125,99.22000122070312
2026-06-03 02:01:00+00:00,66634.0,1515.5899658203125,159.8560028076172,94.81999969482422,4500.89990234375,99.21700286865234
2026-06-03 02:02:00+00:00,66685.4375,1515.699951171875,159.86300659179688,94.83999633789062,4501.89990234375,99.21499633789062
2026-06-03 02:03:00+00:00,66800.2421875,1515.9200439453125,159.8509979248047,94.83999633789062,4502.89990234375,99.20800018310547
2026-06-03 02:04:00+00:00,66787.4765625,1516.06005859375,159.84500122070312,94.8499984741211,4501.89990234375,99.21099853515625
2026-06-03 02:05:00+00:00,66817.890625,1515.8800048828125,159.83999633789062,94.80999755859375,4503.39990234375,99.2030029296875
2026-06-03 02:06:00+00:00,66791.3125,1515.9599609375,159.83700561523438,94.81999969482422,4503.39990234375,99.20600128173828
2026-06-03 02:07:00+00:00,66705.671875,1516.1700439453125,159.83799743652344,94.83999633789062,4502.39990234375,99.20700073242188
2026-06-03 02:08:00+00:00,66710.65625,1516.1800537109375,159.83299255371094,94.83000183105469,4503.5,99.20700073242188
2026-06-03 02:09:00+00:00,66792.8515625,1516.5,159.8459930419922,94.80999755859375,4506.2998046875,99.20600128173828
2026-06-03 02:10:00+00:00,66755.6484375,1516.6199951171875,159.84100341796875,94.80000305175781,4506.0,99.20600128173828
2026-06-03 02:11:00+00:00,66775.28125,1516.56005859375,159.843994140625,94.7699966430664,4504.89990234375,99.20800018310547
2026-06-03 02:12:00+00:00,66785.46875,1516.3900146484375,159.84100341796875,94.6500015258789,4507.10009765625,99.20800018310547
2026-06-03 02:13:00+00:00,66751.671875,1516.5699462890625,159.8419952392578,94.63999938964844,4508.5,99.20800018310547
2026-06-03 02:14:00+00:00,66724.6796875,1516.5999755859375,159.83799743652344,94.63999938964844,4508.7998046875,99.20800018310547
2026-06-03 02:15:00+00:00,66704.2890625,1516.489990234375,159.83799743652344,94.6500015258789,4508.0,99.20999908447266
2026-06-03 02:16:00+00:00,66772.4609375,1516.43994140625,159.8489990234375,94.70999908447266,4507.0,99.21099853515625
2026-06-03 02:17:00+00:00,66806.7421875,1516.56005859375,159.84100341796875,94.70999908447266,4507.10009765625,99.21399688720703
2026-06-03 02:18:00+00:00,66833.9609375,1516.530029296875,159.83799743652344,94.69000244140625,4505.0,99.21499633789062
2026-06-03 02:19:00+00:00,66832.703125,1516.5899658203125,159.83900451660156,94.69999694824219,4504.39990234375,99.21600341796875
2026-06-03 02:20:00+00:00,66745.5,1516.6300048828125,159.84100341796875,94.69999694824219,4503.60009765625,99.21499633789062
2026-06-03 02:21:00+00:00,66616.4296875,1516.97998046875,159.83799743652344,94.70999908447266,4504.89990234375,99.21600341796875
2026-06-03 02:22:00+00:00,66599.5078125,1516.5999755859375,159.86000061035156,94.72000122070312,4505.39990234375,99.22100067138672
2026-06-03 02:23:00+00:00,66579.140625,1516.9100341796875,159.8520050048828,94.70999908447266,4505.5,99.22100067138672
2026-06-03 02:24:00+00:00,66587.53125,1516.760009765625,159.85499572753906,94.69999694824219,4506.2998046875,99.21900177001953
2026-06-03 02:25:00+00:00,66605.8984375,1516.800048828125,159.8520050048828,94.66000366210938,4506.2001953125,99.22000122070312
2026-06-03 02:26:00+00:00,66586.7578125,1516.8199462890625,159.8509979248047,94.68000030517578,4507.60009765625,99.21900177001953
2026-06-03 02:27:00+00:00,66568.0078125,1516.8800048828125,159.85000610351562,94.6500015258789,4506.89990234375,99.22200012207031
2026-06-03 02:28:00+00:00,66583.9609375,1516.8199462890625,159.85499572753906,94.66999816894531,4506.0,99.2249984741211
2026-06-03 02:29:00+00:00,66564.0390625,1516.75,159.85400390625,94.63999938964844,4506.60009765625,99.22799682617188
2026-06-03 02:30:00+00:00,66594.8671875,1516.9000244140625,159.85400390625,94.63999938964844,4505.39990234375,99.23400115966797
2026-06-03 02:31:00+00:00,66587.4375,1517.22998046875,159.85499572753906,94.62000274658203,4505.2001953125,99.23500061035156
2026-06-03 02:32:00+00:00,66553.171875,1517.2099609375,159.8560028076172,94.63999938964844,4504.10009765625,99.23500061035156
2026-06-03 02:33:00+00:00,66618.0,1517.1800537109375,159.85400390625,94.62999725341797,4504.7998046875,99.23200225830078
2026-06-03 02:34:00+00:00,66596.7890625,1517.18994140625,159.85000610351562,94.61000061035156,4506.7001953125,99.22699737548828
2026-06-03 02:35:00+00:00,66582.609375,1517.52001953125,159.84100341796875,94.61000061035156,4506.60009765625,99.22699737548828
2026-06-03 02:36:00+00:00,66623.1796875,1517.3499755859375,159.8459930419922,94.58000183105469,4507.7998046875,99.2300033569336
2026-06-03 02:37:00+00:00,66711.9765625,1517.260009765625,159.84100341796875,94.56999969482422,4509.60009765625,99.22699737548828
2026-06-03 02:38:00+00:00,66743.6875,1517.25,159.8459930419922,94.55999755859375,4509.2001953125,99.22599792480469
2026-06-03 02:39:00+00:00,66742.9765625,1517.25,159.85499572753906,94.56999969482422,4508.7001953125,99.2249984741211
2026-06-03 02:40:00+00:00,66733.7890625,1517.25,159.85000610351562,94.55999755859375,4510.7998046875,99.2229995727539
2026-06-03 02:41:00+00:00,66729.21875,1516.97998046875,159.85000610351562,94.56999969482422,4511.39990234375,99.22100067138672
2026-06-03 02:42:00+00:00,66690.9921875,1517.050048828125,159.8459930419922,94.58999633789062,4511.89990234375,99.2249984741211
2026-06-03 02:43:00+00:00,66665.921875,1517.0699462890625,159.84300231933594,94.56999969482422,4512.0,99.2229995727539
2026-06-03 02:44:00+00:00,66645.9296875,1516.97998046875,159.85800170898438,94.55999755859375,4507.2001953125,99.23200225830078
2026-06-03 02:45:00+00:00,66669.0,1517.3699951171875,159.86700439453125,94.66000366210938,4504.2998046875,99.24600219726562
2026-06-03 02:46:00+00:00,66612.0078125,1517.2099609375,159.875,94.70999908447266,4501.2998046875,99.25199890136719
2026-06-03 02:47:00+00:00,66607.859375,1518.3900146484375,159.875,94.70999908447266,4502.0,99.25499725341797
2026-06-03 02:48:00+00:00,66613.03125,1518.4599609375,159.86599731445312,94.76000213623047,4504.7998046875,99.25199890136719
2026-06-03 02:49:00+00:00,66663.7421875,1518.9300537109375,159.86399841308594,94.73999786376953,4502.7998046875,99.24500274658203
2026-06-03 02:50:00+00:00,66714.921875,1518.5699462890625,159.8719940185547,94.69000244140625,4504.2998046875,99.24299621582031
2026-06-03 02:51:00+00:00,66679.96875,1518.9200439453125,159.86599731445312,94.70999908447266,4503.60009765625,99.2490005493164
2026-06-03 02:52:00+00:00,66660.7265625,1518.780029296875,159.875,94.76000213623047,4503.2998046875,99.24800109863281
2026-06-03 02:53:00+00:00,66675.2890625,1518.4100341796875,159.8699951171875,94.80000305175781,4505.7998046875,99.24600219726562
2026-06-03 02:54:00+00:00,66607.0,1519.030029296875,159.87100219726562,94.80999755859375,4507.60009765625,99.24299621582031
2026-06-03 02:55:00+00:00,66577.109375,1518.4300537109375,159.86900329589844,94.76000213623047,4507.5,99.24199676513672
2026-06-03 02:56:00+00:00,66536.921875,1518.8699951171875,159.8699951171875,94.73999786376953,4507.7001953125,99.23400115966797
2026-06-03 02:57:00+00:00,66517.0,1518.22998046875,159.86700439453125,94.72000122070312,4507.10009765625,99.23799896240234
2026-06-03 02:58:00+00:00,66517.75,1518.3699951171875,159.86700439453125,94.7300033569336,4509.0,99.23899841308594
2026-06-03 02:59:00+00:00,66519.9921875,1518.9100341796875,159.86599731445312,94.72000122070312,4509.7998046875,99.23699951171875
2026-06-03 03:00:00+00:00,66488.09375,1518.5999755859375,159.86700439453125,94.66999816894531,4511.89990234375,99.24099731445312
2026-06-03 03:01:00+00:00,66517.296875,1518.72998046875,159.8699951171875,94.66000366210938,4511.2001953125,99.23999786376953
2026-06-03 03:02:00+00:00,66530.0078125,1518.7099609375,159.86599731445312,94.63999938964844,4513.2001953125,99.23100280761719
2026-06-03 03:03:00+00:00,66516.9375,1518.050048828125,159.86500549316406,94.6500015258789,4513.2001953125,99.23100280761719
2026-06-03 03:04:00+00:00,66513.171875,1518.449951171875,159.87100219726562,94.63999938964844,4514.2001953125,99.23200225830078
2026-06-03 03:05:00+00:00,66521.046875,1518.5400390625,159.87100219726562,94.5999984741211,4515.0,99.2300033569336
2026-06-03 03:06:00+00:00,66499.71875,1518.27001953125,159.8699951171875,94.62999725341797,4514.0,99.22799682617188
2026-06-03 03:07:00+00:00,66473.96875,1518.52001953125,159.86500549316406,94.62000274658203,4512.7998046875,99.23200225830078
2026-06-03 03:08:00+00:00,66436.2109375,1518.8699951171875,159.86900329589844,94.5999984741211,4513.10009765625,99.23400115966797
2026-06-03 03:09:00+00:00,66321.9765625,1518.300048828125,159.875,94.55000305175781,4513.5,99.23200225830078
2026-06-03 03:10:00+00:00,66372.1875,1518.75,159.87399291992188,94.54000091552734,4514.0,99.23200225830078
2026-06-03 03:11:00+00:00,66353.9921875,1518.2900390625,159.8780059814453,94.58999633789062,4512.2998046875,99.23799896240234
2026-06-03 03:12:00+00:00,66342.9765625,1518.280029296875,159.8780059814453,94.5999984741211,4511.89990234375,99.23699951171875
2026-06-03 03:13:00+00:00,66350.0,1518.550048828125,159.8780059814453,94.56999969482422,4513.2998046875,99.23400115966797
2026-06-03 03:14:00+00:00,66422.328125,1518.550048828125,159.87399291992188,94.58499908447266,4512.7001953125,99.23899841308594
2026-06-03 03:15:00+00:00,66452.5703125,1518.010009765625,159.875,94.5999984741211,4511.89990234375,99.23899841308594
2026-06-03 03:16:00+00:00,66444.03125,1518.9300537109375,159.87600708007812,94.61000061035156,4513.5,99.24199676513672
2026-06-03 03:17:00+00:00,66417.828125,1518.9100341796875,159.87399291992188,94.5999984741211,4514.39990234375,99.23799896240234
2026-06-03 03:18:00+00:00,66324.0,1518.800048828125,159.87600708007812,94.69000244140625,4513.5,99.24199676513672
2026-06-03 03:19:00+00:00,66297.7265625,1518.8199462890625,159.8800048828125,94.68000030517578,4513.2998046875,99.23999786376953
2026-06-03 03:20:00+00:00,66251.390625,1518.81005859375,159.88400268554688,94.6500015258789,4514.2001953125,99.24099731445312
2026-06-03 03:21:00+00:00,66287.84375,1518.1199951171875,159.88699340820312,94.62999725341797,4513.2998046875,99.23600006103516
2026-06-03 03:22:00+00:00,66312.2265625,1518.489990234375,159.8820037841797,94.63999938964844,4514.2998046875,99.23899841308594
2026-06-03 03:23:00+00:00,66356.1484375,1518.469970703125,159.88099670410156,94.62000274658203,4513.89990234375,99.23500061035156
2026-06-03 03:24:00+00:00,66338.6171875,1518.469970703125,159.87899780273438,94.62999725341797,4513.5,99.23799896240234
2026-06-03 03:25:00+00:00,66278.7578125,1518.8199462890625,159.89199829101562,94.62999725341797,4512.2001953125,99.24099731445312
2026-06-03 03:26:00+00:00,66179.296875,1518.4100341796875,159.89999389648438,94.6500015258789,4511.7001953125,99.24600219726562
2026-06-03 03:27:00+00:00,66113.9921875,1518.5400390625,159.89599609375,94.66000366210938,4512.60009765625,99.24600219726562
2026-06-03 03:28:00+00:00,66022.0,1518.5400390625,159.8990020751953,94.62000274658203,4512.10009765625,99.24700164794922
2026-06-03 03:29:00+00:00,66046.171875,1518.7900390625,159.89700317382812,94.66999816894531,4511.39990234375,99.25
2026-06-03 03:30:00+00:00,66117.9765625,1518.1800537109375,159.89999389648438,94.63999938964844,4512.39990234375,99.25
2026-06-03 03:31:00+00:00,66085.9921875,1518.68994140625,159.89199829101562,94.61000061035156,4512.5,99.2509994506836
2026-06-03 03:32:00+00:00,65993.140625,1518.550048828125,159.8939971923828,94.61000061035156,4512.10009765625,99.25299835205078
2026-06-03 03:33:00+00:00,65961.890625,1518.22998046875,159.89700317382812,94.5999984741211,4512.7001953125,99.24800109863281
2026-06-03 03:34:00+00:00,65947.2578125,1518.6099853515625,159.89999389648438,94.55999755859375,4512.10009765625,99.2490005493164
2026-06-03 03:35:00+00:00,66018.1484375,1518.81005859375,159.89599609375,94.54000091552734,4511.89990234375,99.24600219726562
2026-06-03 03:36:00+00:00,65969.359375,1518.7900390625,159.8939971923828,94.58999633789062,4512.39990234375,99.2490005493164
2026-06-03 03:37:00+00:00,65966.0,1518.2900390625,159.89500427246094,94.61000061035156,4513.0,99.25
2026-06-03 03:38:00+00:00,65940.0078125,1518.3900146484375,159.8939971923828,94.61000061035156,4511.2998046875,99.24700164794922
2026-06-03 03:39:00+00:00,65922.0,1518.280029296875,159.88800048828125,94.63999938964844,4512.7001953125,99.24400329589844
2026-06-03 03:40:00+00:00,65977.0078125,1518.8199462890625,159.89199829101562,94.66999816894531,4512.7998046875,99.24500274658203
2026-06-03 03:41:00+00:00,65928.8515625,1518.7900390625,159.89199829101562,94.66000366210938,4512.60009765625,99.23799896240234
2026-06-03 03:42:00+00:00,65903.7734375,1518.72998046875,159.88800048828125,94.68000030517578,4512.10009765625,99.23699951171875
2026-06-03 03:43:00+00:00,65715.9765625,1518.43994140625,159.88800048828125,94.66999816894531,4512.39990234375,99.23300170898438
2026-06-03 03:44:00+00:00,65671.1875,1518.7099609375,159.89199829101562,94.69999694824219,4512.7001953125,99.23899841308594
2026-06-03 03:45:00+00:00,65799.9921875,1518.8699951171875,159.88099670410156,94.69999694824219,4512.7998046875,99.23999786376953
2026-06-03 03:46:00+00:00,65661.671875,1517.9599609375,159.88299560546875,94.72000122070312,4511.60009765625,99.23899841308594
2026-06-03 03:47:00+00:00,65744.8203125,1518.6500244140625,159.87899780273438,94.68000030517578,4511.0,99.23999786376953
2026-06-03 03:48:00+00:00,65699.0,1518.5699462890625,159.8820037841797,94.6500015258789,4510.89990234375,99.23600006103516
2026-06-03 03:49:00+00:00,65614.4921875,1518.8800048828125,159.88299560546875,94.6500015258789,4510.7001953125,99.23999786376953
2026-06-03 03:50:00+00:00,65384.94921875,1518.199951171875,159.88699340820312,94.66999816894531,4511.2001953125,99.23899841308594
2026-06-03 03:51:00+00:00,65553.2578125,1519.1700439453125,159.8780059814453,94.68000030517578,4512.89990234375,99.23600006103516
2026-06-03 03:52:00+00:00,65707.2578125,1518.9100341796875,159.88099670410156,94.66999816894531,4513.0,99.23899841308594
2026-06-03 03:53:00+00:00,65730.0,1519.010009765625,159.8800048828125,94.76000213623047,4512.5,99.24199676513672
2026-06-03 03:54:00+00:00,65842.0,1519.0799560546875,159.88499450683594,94.76000213623047,4511.7001953125,99.24500274658203
2026-06-03 03:55:00+00:00,65850.0,1518.93994140625,159.88499450683594,94.7699966430664,4512.0,99.2490005493164
2026-06-03 03:56:00+00:00,65802.0,1519.1700439453125,159.88600158691406,94.70999908447266,4512.2001953125,99.24700164794922
2026-06-03 03:57:00+00:00,65751.1484375,1518.6800537109375,159.87899780273438,94.73999786376953,4512.0,99.24600219726562
2026-06-03 03:58:00+00:00,65720.5,1519.0400390625,159.87899780273438,94.72000122070312,4512.0,99.24600219726562
2026-06-03 03:59:00+00:00,65750.7734375,1518.550048828125,159.87899780273438,94.71500015258789,4512.5,99.24399948120117
2026-06-03 04:00:00+00:00,65866.421875,1518.6500244140625,159.87600708007812,94.70999908447266,4513.0,99.24199676513672
2026-06-03 04:01:00+00:00,65994.0,1519.010009765625,159.8780059814453,94.72000122070312,4513.5,99.24700164794922
2026-06-03 04:02:00+00:00,66069.6171875,1518.1600341796875,159.8800048828125,94.7300033569336,4513.2998046875,99.24800109863281
2026-06-03 04:03:00+00:00,66208.1328125,1518.550048828125,159.875,94.75,4514.10009765625,99.24800109863281
2026-06-03 04:04:00+00:00,66403.4765625,1518.9599609375,159.87399291992188,94.76000213623047,4514.0,99.24299621582031
2026-06-03 04:05:00+00:00,66412.546875,1518.97998046875,159.8820037841797,94.79000091552734,4514.7998046875,99.24299621582031
2026-06-03 04:06:00+00:00,66357.5078125,1518.1400146484375,159.88600158691406,94.8499984741211,4513.7998046875,99.2490005493164
2026-06-03 04:07:00+00:00,66291.5625,1519.18994140625,159.87899780273438,94.83000183105469,4514.5,99.24800109863281
2026-06-03 04:08:00+00:00,66264.1328125,1518.489990234375,159.8820037841797,94.88999938964844,4512.89990234375,99.25599670410156
2026-06-03 04:09:00+00:00,66285.953125,1518.8299560546875,159.8800048828125,94.86000061035156,4514.2998046875,99.25399780273438
2026-06-03 04:10:00+00:00,66282.2421875,1518.81005859375,159.88600158691406,94.86000061035156,4513.7998046875,99.25800323486328
2026-06-03 04:11:00+00:00,66227.71875,1518.68994140625,159.89300537109375,94.87000274658203,4513.5,99.25900268554688
2026-06-03 04:12:00+00:00,66275.0390625,1518.68994140625,159.88400268554688,94.9000015258789,4513.5,99.25800323486328
2026-06-03 04:13:00+00:00,66238.0078125,1519.1700439453125,159.87899780273438,94.91999816894531,4513.2001953125,99.25800323486328
2026-06-03 04:14:00+00:00,66241.609375,1519.4000244140625,159.88299560546875,94.88999938964844,4514.7998046875,99.25800323486328
2026-06-03 04:15:00+00:00,66278.0,1518.949951171875,159.88099670410156,94.87999725341797,4515.10009765625,99.25800323486328
2026-06-03 04:16:00+00:00,66316.0078125,1518.56005859375,159.8800048828125,94.94000244140625,4513.39990234375,99.25700378417969
2026-06-03 04:17:00+00:00,66297.96875,1519.050048828125,159.87399291992188,94.93000030517578,4510.0,99.25800323486328
2026-06-03 04:18:00+00:00,66263.0,1518.6600341796875,159.8780059814453,94.87999725341797,4509.7998046875,99.25599670410156
2026-06-03 04:19:00+00:00,66264.671875,1518.9200439453125,159.8719940185547,94.8499984741211,4509.2998046875,99.25399780273438
2026-06-03 04:20:00+00:00,66303.7109375,1519.3800048828125,159.875,94.87000274658203,4508.7001953125,99.25800323486328
2026-06-03 04:21:00+00:00,66292.2265625,1518.9300537109375,159.87899780273438,94.87000274658203,4509.10009765625,99.25800323486328
2026-06-03 04:22:00+00:00,66300.2109375,1518.6800537109375,159.88299560546875,94.87000274658203,4509.5,99.25900268554688
2026-06-03 04:23:00+00:00,66340.203125,1519.1199951171875,159.8780059814453,94.86000061035156,4508.7001953125,99.26300048828125
2026-06-03 04:24:00+00:00,66373.15625,1518.5999755859375,159.87600708007812,94.87000274658203,4508.89990234375,99.26100158691406
2026-06-03 04:25:00+00:00,66401.53125,1519.199951171875,159.87399291992188,94.8499984741211,4508.7998046875,99.26200103759766
2026-06-03 04:26:00+00:00,66481.2265625,1518.9100341796875,159.87399291992188,94.87000274658203,4508.39990234375,99.26000213623047
2026-06-03 04:27:00+00:00,66504.8984375,1518.8299560546875,159.88699340820312,94.87999725341797,4507.60009765625,99.26399993896484
2026-06-03 04:28:00+00:00,66496.0234375,1518.8199462890625,159.87899780273438,94.87999725341797,4507.60009765625,99.26499938964844
2026-06-03 04:29:00+00:00,66479.8515625,1518.8900146484375,159.89100646972656,94.88999938964844,4505.10009765625,99.26699829101562
2026-06-03 04:30:00+00:00,66319.0390625,1518.6199951171875,159.8820037841797,94.88999938964844,4504.60009765625,99.26699829101562
2026-06-03 04:31:00+00:00,66233.96875,1518.8800048828125,159.88699340820312,94.91000366210938,4503.2001953125,99.26399993896484
2026-06-03 04:32:00+00:00,66278.4296875,1518.8699951171875,159.89300537109375,94.91999816894531,4502.39990234375,99.26499938964844
2026-06-03 04:33:00+00:00,66322.0,1518.6700439453125,159.88900756835938,94.97000122070312,4502.7001953125,99.26499938964844
2026-06-03 04:34:00+00:00,66361.4375,1518.719970703125,159.88800048828125,94.94000244140625,4502.7001953125,99.26599884033203
2026-06-03 04:35:00+00:00,66362.9296875,1518.8699951171875,159.88400268554688,94.94000244140625,4502.89990234375,99.26599884033203
2026-06-03 04:36:00+00:00,66281.8125,1518.760009765625,159.88699340820312,94.95999908447266,4501.7001953125,99.26599884033203
2026-06-03 04:37:00+00:00,66320.75,1518.5,159.88900756835938,94.97000122070312,4501.89990234375,99.26699829101562
2026-06-03 04:38:00+00:00,66281.9765625,1518.8800048828125,159.88699340820312,94.97000122070312,4500.89990234375,99.26699829101562
2026-06-03 04:39:00+00:00,66269.546875,1518.8599853515625,159.87899780273438,94.94000244140625,4499.7001953125,99.26300048828125
2026-06-03 04:40:00+00:00,66307.8671875,1518.68994140625,159.87399291992188,94.94000244140625,4500.39990234375,99.26399993896484
2026-06-03 04:41:00+00:00,66295.203125,1518.8599853515625,159.8769989013672,94.97000122070312,4500.39990234375,99.26699829101562
2026-06-03 04:42:00+00:00,66295.9921875,1518.8233235677083,159.875,94.9800033569336,4500.10009765625,99.26399993896484
2026-06-03 04:43:00+00:00,66312.2109375,1518.7866617838542,159.8769989013672,95.02999877929688,4501.2001953125,99.26499938964844
2026-06-03 04:44:00+00:00,66339.2578125,1518.75,159.8730010986328,95.02999877929688,4501.2998046875,99.26000213623047
2026-06-03 04:45:00+00:00,66366.3515625,1519.050048828125,159.87399291992188,95.06999969482422,4500.60009765625,99.26399993896484
2026-06-03 04:46:00+00:00,66371.9765625,1518.4000244140625,159.88099670410156,95.12999725341797,4498.39990234375,99.26499938964844
2026-06-03 04:47:00+00:00,66406.96875,1518.5400390625,159.8769989013672,95.08000183105469,4499.2998046875,99.26399993896484
2026-06-03 04:48:00+00:00,66377.03125,1518.5999755859375,159.8780059814453,95.12000274658203,4499.7001953125,99.26399993896484
2026-06-03 04:49:00+00:00,66360.8515625,1518.6700439453125,159.88699340820312,95.0999984741211,4499.2001953125,99.26699829101562
2026-06-03 04:50:00+00:00,66347.9921875,1518.6400146484375,159.89100646972656,95.05999755859375,4499.2001953125,99.26699829101562
2026-06-03 04:51:00+00:00,66295.046875,1518.8900146484375,159.88800048828125,95.08000183105469,4498.39990234375,99.26899719238281
2026-06-03 04:52:00+00:00,66241.40625,1518.8900146484375,159.89300537109375,95.06999969482422,4498.60009765625,99.26699829101562
2026-06-03 04:53:00+00:00,66184.28125,1518.6300048828125,159.88699340820312,95.01000213623047,4499.10009765625,99.26499938964844
2026-06-03 04:54:00+00:00,66235.0234375,1518.699951171875,159.88699340820312,95.0,4498.0,99.26399993896484
2026-06-03 04:55:00+00:00,66267.96875,1518.4599609375,159.88800048828125,94.98999786376953,4497.60009765625,99.26599884033203
2026-06-03 04:56:00+00:00,66299.96875,1518.3800048828125,159.88900756835938,95.01000213623047,4497.2001953125,99.26699829101562
2026-06-03 04:57:00+00:00,66347.5,1517.969970703125,159.88900756835938,95.02999877929688,4496.7998046875,99.26200103759766
2026-06-03 04:58:00+00:00,66364.96875,1517.469970703125,159.88299560546875,94.98999786376953,4497.39990234375,99.25900268554688
2026-06-03 04:59:00+00:00,66371.65625,1518.030029296875,159.8820037841797,94.9000015258789,4497.5,99.26100158691406
2026-06-03 05:00:00+00:00,66419.53125,1517.9200439453125,159.88699340820312,94.94999694824219,4495.89990234375,99.26399993896484
2026-06-03 05:01:00+00:00,66379.8984375,1518.9599609375,159.88099670410156,94.94000244140625,4496.2998046875,99.26799774169922
2026-06-03 05:02:00+00:00,66663.859375,1518.9599609375,159.8769989013672,94.91999816894531,4497.10009765625,99.2699966430664
2026-06-03 05:03:00+00:00,66602.8984375,1518.72998046875,159.87399291992188,94.87000274658203,4497.5,99.26499938964844
2026-06-03 05:04:00+00:00,66920.2109375,1518.5999755859375,159.87600708007812,94.87999725341797,4499.0,99.26200103759766
2026-06-03 05:05:00+00:00,66832.7421875,1518.47998046875,159.8800048828125,94.86000061035156,4497.2998046875,99.26100158691406
2026-06-03 05:06:00+00:00,66873.296875,1518.8800048828125,159.88400268554688,94.93000030517578,4497.60009765625,99.26100158691406
2026-06-03 05:07:00+00:00,66849.640625,1518.6600341796875,159.8800048828125,94.94999694824219,4495.7001953125,99.25700378417969
2026-06-03 05:08:00+00:00,66910.75,1518.719970703125,159.8679962158203,94.93000030517578,4496.89990234375,99.25700378417969
2026-06-03 05:09:00+00:00,66966.0390625,1518.699951171875,159.8800048828125,94.91999816894531,4498.5,99.25299835205078
2026-06-03 05:10:00+00:00,67015.2578125,1518.7949829101562,159.88600158691406,94.91999816894531,4498.2001953125,99.25299835205078
2026-06-03 05:11:00+00:00,67102.421875,1518.8900146484375,159.8780059814453,94.87000274658203,4499.60009765625,99.25399780273438
2026-06-03 05:12:00+00:00,67126.0078125,1518.6500244140625,159.88400268554688,94.80000305175781,4499.2998046875,99.25599670410156
2026-06-03 05:13:00+00:00,67100.109375,1518.6800537109375,159.8719940185547,94.80000305175781,4501.5,99.25700378417969
2026-06-03 05:14:00+00:00,67031.4921875,1518.6099853515625,159.8730010986328,94.83999633789062,4501.2001953125,99.25800323486328
2026-06-03 05:15:00+00:00,67076.46875,1518.9000244140625,159.8780059814453,94.86000061035156,4502.2001953125,99.25299835205078
2026-06-03 05:16:00+00:00,67133.5625,1518.68994140625,159.8699951171875,94.88999938964844,4500.5,99.25299835205078
2026-06-03 05:17:00+00:00,67071.0078125,1518.81005859375,159.875,94.91999816894531,4500.7998046875,99.2509994506836
2026-06-03 05:18:00+00:00,67122.0078125,1518.77001953125,159.8820037841797,94.91999816894531,4500.39990234375,99.25399780273438
2026-06-03 05:19:00+00:00,67070.390625,1519.06005859375,159.87399291992188,94.93000030517578,4500.2001953125,99.25900268554688
2026-06-03 05:20:00+00:00,67027.8671875,1519.1700439453125,159.87600708007812,94.93000030517578,4499.60009765625,99.25700378417969
2026-06-03 05:21:00+00:00,67018.0,1519.0899658203125,159.875,94.91999816894531,4500.7001953125,99.26000213623047
2026-06-03 05:22:00+00:00,66965.9765625,1518.8174743652344,159.88999938964844,94.95999908447266,4500.0,99.26399993896484
2026-06-03 05:23:00+00:00,66937.9921875,1518.5449829101562,159.89300537109375,94.94999694824219,4499.2001953125,99.26599884033203
2026-06-03 05:24:00+00:00,66951.9375,1518.2724914550781,159.88900756835938,94.9000015258789,4496.2001953125,99.26699829101562
2026-06-03 05:25:00+00:00,66920.78125,1518.0,159.88900756835938,94.94999694824219,4497.39990234375,99.27200317382812
2026-06-03 05:26:00+00:00,66911.578125,1518.2487487792969,159.88699340820312,94.97000122070312,4496.7001953125,99.27400207519531
2026-06-03 05:27:00+00:00,66941.1015625,1518.4974975585938,159.89599609375,94.94999694824219,4495.2998046875,99.28800201416016
2026-06-03 05:28:00+00:00,66943.3671875,1518.7462463378906,159.8990020751953,94.93000030517578,4495.5,99.29100036621094
2026-06-03 05:29:00+00:00,66998.2578125,1518.9949951171875,159.9040069580078,94.95999908447266,4496.7998046875,99.29199981689453
2026-06-03 05:30:00+00:00,66835.7109375,1519.2437438964844,159.91000366210938,94.98999786376953,4490.2001953125,99.2979965209961
2026-06-03 05:31:00+00:00,66713.1015625,1519.4924926757812,159.9010009765625,95.04000091552734,4487.7998046875,99.29199981689453
2026-06-03 05:32:00+00:00,66721.203125,1519.7412414550781,159.88900756835938,95.05999755859375,4489.60009765625,99.28900146484375
2026-06-03 05:33:00+00:00,66791.71875,1519.989990234375,159.89199829101562,95.05000305175781,4492.2998046875,99.29399871826172
2026-06-03 05:34:00+00:00,66857.6015625,1520.2387390136719,159.89199829101562,95.06999969482422,4493.0,99.29199981689453
2026-06-03 05:35:00+00:00,66872.140625,1520.4874877929688,159.8979949951172,95.0199966430664,4493.2001953125,99.28900146484375
2026-06-03 05:36:00+00:00,66804.8203125,1520.7362365722656,159.89199829101562,95.01000213623047,4494.5,99.28500366210938
2026-06-03 05:37:00+00:00,66780.3203125,1520.9849853515625,159.88999938964844,95.04000091552734,4496.7998046875,99.27999877929688
2026-06-03 05:38:00+00:00,66795.0,1521.2337341308594,159.90699768066406,95.2300033569336,4492.0,99.28700256347656
2026-06-03 05:39:00+00:00,66849.4921875,1521.4824829101562,159.906005859375,95.16000366210938,4495.0,99.28900146484375
2026-06-03 05:40:00+00:00,66887.578125,1521.7312316894531,159.89999389648438,95.16000366210938,4494.10009765625,99.28600311279297
2026-06-03 05:41:00+00:00,66934.140625,1521.97998046875,159.90699768066406,95.20999908447266,4491.5,99.29000091552734
2026-06-03 05:42:00+00:00,66924.8125,1521.97998046875,159.90499877929688,95.19999694824219,4490.2998046875,99.29000091552734
2026-06-03 05:43:00+00:00,66929.703125,1521.97998046875,159.9029998779297,95.16000366210938,4490.2998046875,99.28600311279297
2026-06-03 05:44:00+00:00,66920.640625,1521.97998046875,159.91000366210938,95.2300033569336,4489.89990234375,99.29499816894531
2026-06-03 05:45:00+00:00,66941.203125,1522.0899658203125,159.91000366210938,95.2699966430664,4490.7001953125,99.29299926757812
2026-06-03 05:46:00+00:00,66969.2890625,1522.4000244140625,159.90499877929688,95.25,4493.5,99.28900146484375
2026-06-03 05:47:00+00:00,66984.0234375,1522.52001953125,159.9029998779297,95.30000305175781,4493.5,99.28800201416016
2026-06-03 05:48:00+00:00,66982.1875,1522.77001953125,159.90199279785156,95.33000183105469,4493.7001953125,99.28700256347656
2026-06-03 05:49:00+00:00,66994.0234375,1522.77001953125,159.90899658203125,95.33999633789062,4494.2001953125,99.28600311279297
2026-06-03 05:50:00+00:00,67052.359375,1522.47998046875,159.91000366210938,95.36000061035156,4494.60009765625,99.29199981689453
2026-06-03 05:51:00+00:00,67133.5234375,1522.7900390625,159.906005859375,95.38999938964844,4492.2001953125,99.2959976196289
2026-06-03 05:52:00+00:00,67213.6484375,1522.469970703125,159.91799926757812,95.44999694824219,4492.7998046875,99.28900146484375
2026-06-03 05:53:00+00:00,67174.1484375,1522.2900390625,159.9149932861328,95.47000122070312,4491.2998046875,99.29100036621094
2026-06-03 05:54:00+00:00,67218.0625,1518.0,159.91600036621094,95.51000213623047,4491.5,99.29299926757812
2026-06-03 05:55:00+00:00,67220.0,1522.6300048828125,159.91299438476562,95.5199966430664,4490.0,99.29900360107422
2026-06-03 05:56:00+00:00,67230.03125,1522.550048828125,159.9199981689453,95.52999877929688,4489.7998046875,99.3030014038086
2026-06-03 05:57:00+00:00,67271.96875,1522.9100341796875,159.92300415039062,95.47000122070312,4489.60009765625,99.30400085449219
2026-06-03 05:58:00+00:00,67213.7109375,1522.489990234375,159.9250030517578,95.55999755859375,4486.89990234375,99.31199645996094
2026-06-03 05:59:00+00:00,67226.0,1523.219970703125,159.92100524902344,95.55999755859375,4485.7998046875,99.31600189208984
2026-06-03 06:00:00+00:00,67227.03125,1523.3800048828125,159.91799926757812,95.41000366210938,4489.39990234375,99.31400299072266
2026-06-03 06:01:00+00:00,67201.171875,1522.8800048828125,159.91600036621094,95.41999816894531,4486.5,99.31400299072266
2026-06-03 06:02:00+00:00,67207.5,1522.72998046875,159.9029998779297,95.29000091552734,4494.2998046875,99.30599975585938
2026-06-03 06:03:00+00:00,67147.03125,1523.1400146484375,159.9040069580078,95.2699966430664,4494.2998046875,99.29399871826172
2026-06-03 06:04:00+00:00,67150.46875,1521.97998046875,159.9029998779297,95.2699966430664,4493.2998046875,99.29499816894531
2026-06-03 06:05:00+00:00,67142.03125,1522.5799560546875,159.9080047607422,95.2699966430664,4493.2998046875,99.29499816894531
2026-06-03 06:06:00+00:00,67174.1171875,1522.3599853515625,159.91299438476562,95.2699966430664,4493.2998046875,99.29499816894531
2026-06-03 06:07:00+00:00,67186.6171875,1522.6600341796875,159.9149932861328,95.2699966430664,4493.2998046875,99.29499816894531
2026-06-03 06:08:00+00:00,67116.671875,1522.699951171875,159.92100524902344,95.2699966430664,4493.2998046875,99.29499816894531
2026-06-03 06:09:00+00:00,67106.4921875,1523.0,159.92300415039062,95.2699966430664,4493.2998046875,99.29499816894531
2026-06-03 06:10:00+00:00,67091.0078125,1522.8599853515625,159.93099975585938,95.2699966430664,4493.2998046875,99.29499816894531
2026-06-03 06:11:00+00:00,67068.0078125,1523.1199951171875,159.9340057373047,95.2699966430664,4493.2998046875,99.29499816894531
2026-06-03 06:12:00+00:00,67071.4296875,1523.5799560546875,159.94200134277344,95.2699966430664,4493.2998046875,99.29499816894531
2026-06-03 06:13:00+00:00,67035.96875,1523.5799560546875,159.9459991455078,95.2699966430664,4493.2998046875,99.29499816894531
2026-06-03 06:14:00+00:00,67043.796875,1523.5799560546875,159.9459991455078,95.2699966430664,4493.2998046875,99.29499816894531
