timestamp,KRW,BTC,WTI,GOLD,TMF,DXY,JPY,CNY,VIX,NASDAQ
2026-05-05 14:25:00+00:00,1470.31005859375,81407.09375,101.86000061035156,4594.89990234375,34.709999084472656,98.39600372314453,157.7689971923828,6.829500198364258,17.360000610351562,25314.318359375
2026-05-05 14:30:00+00:00,1469.280029296875,81405.09375,102.1500015258789,4592.7001953125,34.65999984741211,98.41600036621094,157.7779998779297,6.829500198364258,17.450000762939453,25318.390625
2026-05-05 14:35:00+00:00,1468.969970703125,81219.046875,102.20999908447266,4592.0,34.69499969482422,98.41799926757812,157.76100158691406,6.829500198364258,17.469999313354492,25293.2109375
2026-05-05 14:40:00+00:00,1469.0799560546875,81240.6484375,102.2300033569336,4594.0,34.689998626708984,98.39700317382812,157.7449951171875,6.829500198364258,17.40999984741211,25285.357421875
2026-05-05 15:55:00+00:00,1469.4599609375,81553.6796875,102.0999984741211,4579.39990234375,34.79499816894531,98.35900115966797,157.6750030517578,6.829500198364258,17.540000915527344,25296.271484375
2026-05-05 16:00:00+00:00,1470.3199462890625,81579.7265625,102.12999725341797,4577.89990234375,34.8302001953125,98.35600280761719,157.65499877929688,6.829500198364258,17.489999771118164,25306.8359375
2026-05-05 16:05:00+00:00,1466.9100341796875,81501.2578125,101.88999938964844,4575.39990234375,34.8650016784668,98.37799835205078,157.6820068359375,6.829500198364258,17.469999313354492,25311.453125
2026-05-05 16:10:00+00:00,1469.6500244140625,81449.0703125,101.91999816894531,4577.39990234375,34.85499954223633,98.39299774169922,157.697998046875,6.829500198364258,17.479999542236328,25317.322265625
2026-05-05 16:15:00+00:00,1470.4300537109375,81503.078125,101.98999786376953,4575.7998046875,34.8650016784668,98.4010009765625,157.7030029296875,6.829500198364258,17.469999313354492,25315.826171875
2026-05-05 17:05:00+00:00,1467.06005859375,81240.328125,102.19999694824219,4565.2001953125,34.81999969482422,98.45700073242188,157.8489990234375,6.830100059509277,17.43000030517578,25286.587890625
2026-05-05 17:10:00+00:00,1467.199951171875,81336.1875,102.0199966430664,4566.7001953125,34.790000915527344,98.46099853515625,157.85299682617188,6.830100059509277,17.389999389648438,25289.708984375
2026-05-05 17:15:00+00:00,1466.989990234375,81396.8203125,101.69000244140625,4571.39990234375,34.79999923706055,98.44400024414062,157.85499572753906,6.830100059509277,17.350000381469727,25304.837890625
2026-05-05 17:20:00+00:00,1470.8800048828125,81365.0625,101.88999938964844,4569.7001953125,34.810001373291016,98.46399688720703,157.87600708007812,6.830100059509277,17.31999969482422,25300.978515625
2026-05-05 18:35:00+00:00,1469.8399658203125,81454.8828125,102.16999816894531,4570.2001953125,34.81999969482422,98.4520034790039,157.88900756835938,6.829500198364258,17.31999969482422,25341.1796875
2026-05-05 18:40:00+00:00,1466.72998046875,81522.09375,102.12999725341797,4572.10009765625,34.84000015258789,98.45099639892578,157.88900756835938,6.829500198364258,17.290000915527344,25345.20703125
2026-05-05 18:45:00+00:00,1466.6600341796875,81535.40625,102.11000061035156,4573.2998046875,34.86000061035156,98.45099639892578,157.90899658203125,6.829500198364258,17.280000686645508,25345.390625
2026-05-05 18:50:00+00:00,1469.239990234375,81499.2890625,102.05999755859375,4571.2998046875,34.904998779296875,98.44000244140625,157.88299560546875,6.829500198364258,17.290000915527344,25330.654296875
2026-05-05 19:55:00+00:00,1466.8900146484375,81617.7265625,102.77999877929688,4566.0,34.88999938964844,98.4800033569336,157.8730010986328,6.829500198364258,17.43000030517578,25327.5
2026-05-05 20:00:00+00:00,1467.050048828125,81720.0,102.68000030517578,4564.89990234375,34.88999938964844,98.47200012207031,157.86300659179688,6.829500198364258,17.440000534057617,25327.5
2026-05-06 13:30:00+00:00,1448.1800537109375,81996.640625,95.63999938964844,4709.10009765625,35.72999954223633,97.94499969482422,156.13600158691406,6.810500144958496,16.899999618530273,25547.533203125
2026-05-06 13:35:00+00:00,1448.219970703125,81845.1484375,95.80000305175781,4705.60009765625,35.6150016784668,97.9489974975586,156.1269989013672,6.810500144958496,17.0,25542.537109375
2026-05-06 13:40:00+00:00,1448.3800048828125,81901.671875,96.33999633789062,4706.2001953125,35.529998779296875,97.96299743652344,156.13600158691406,6.810500144958496,17.040000915527344,25569.09375
2026-05-06 13:45:00+00:00,1448.280029296875,81714.953125,96.06999969482422,4712.0,35.57500076293945,97.94400024414062,156.05599975585938,6.810500144958496,17.209999084472656,25574.0703125
2026-05-06 13:50:00+00:00,1447.6800537109375,81724.9765625,96.18000030517578,4715.0,35.599998474121094,97.947998046875,156.13499450683594,6.810500144958496,17.18000030517578,25605.580078125
2026-05-06 13:55:00+00:00,1447.6800537109375,81666.0703125,96.04000091552734,4713.5,35.57500076293945,97.96299743652344,156.11000061035156,6.810500144958496,17.149999618530273,25590.017578125
2026-05-06 14:00:00+00:00,1447.780029296875,81413.53125,95.98999786376953,4717.10009765625,35.625,97.98200225830078,156.13600158691406,6.810500144958496,17.15999984741211,25555.22265625
2026-05-06 14:05:00+00:00,1448.6700439453125,81422.0234375,96.04000091552734,4719.2001953125,35.564998626708984,97.98300170898438,156.16000366210938,6.810500144958496,17.06999969482422,25603.357421875
2026-05-06 14:10:00+00:00,1448.5799560546875,81438.21875,95.13999938964844,4722.2998046875,35.619998931884766,97.99500274658203,156.2050018310547,6.810500144958496,16.979999542236328,25629.75
2026-05-06 14:15:00+00:00,1448.56005859375,81413.328125,95.26000213623047,4724.5,35.619998931884766,97.99299621582031,156.177001953125,6.810500144958496,16.950000762939453,25569.39453125
2026-05-06 14:20:00+00:00,1448.0899658203125,81576.3203125,95.16000366210938,4720.5,35.67100143432617,97.97699737548828,156.14700317382812,6.810500144958496,16.959999084472656,25594.115234375
2026-05-06 14:25:00+00:00,1450.0799560546875,81604.3671875,95.62999725341797,4717.0,35.540000915527344,98.00900268554688,156.20199584960938,6.810500144958496,16.989999771118164,25591.94140625
2026-05-06 14:30:00+00:00,1448.22998046875,81705.203125,95.22000122070312,4718.2001953125,35.580101013183594,97.95500183105469,156.1929931640625,6.810500144958496,16.959999084472656,25642.341796875
2026-05-06 14:35:00+00:00,1447.6800537109375,81731.15625,95.16999816894531,4719.60009765625,35.599998474121094,97.94200134277344,156.16700744628906,6.810500144958496,16.989999771118164,25653.7578125
2026-05-06 16:25:00+00:00,1447.010009765625,81505.0078125,94.8499984741211,4699.39990234375,35.689998626708984,98.02200317382812,156.43899536132812,6.810999870300293,17.219999313354492,25722.23046875
2026-05-06 16:30:00+00:00,1447.06005859375,81559.4609375,94.68000030517578,4698.60009765625,35.68000030517578,98.01699829101562,156.44700622558594,6.810999870300293,17.229999542236328,25715.9609375
2026-05-06 16:35:00+00:00,1447.3499755859375,81639.0,94.77999877929688,4700.7001953125,35.67499923706055,98.02400207519531,156.43699645996094,6.810999870300293,17.229999542236328,25712.07421875
2026-05-06 16:40:00+00:00,1447.300048828125,81681.03125,95.0999984741211,4699.7998046875,35.65999984741211,98.02300262451172,156.447998046875,6.810999870300293,17.219999313354492,25708.888671875
2026-05-06 17:50:00+00:00,1446.06005859375,81449.8515625,95.36000061035156,4692.60009765625,35.70000076293945,98.06199645996094,156.49400329589844,6.810500144958496,17.010000228881836,25739.86328125
2026-05-06 17:55:00+00:00,1445.449951171875,81447.8984375,95.23999786376953,4694.7998046875,35.720001220703125,98.04399871826172,156.48899841308594,6.810500144958496,17.0,25736.52734375
2026-05-06 18:00:00+00:00,1445.47998046875,81428.953125,95.12000274658203,4693.5,35.71500015258789,98.0510025024414,156.468994140625,6.810500144958496,17.010000228881836,25736.443359375
2026-05-06 18:05:00+00:00,1445.4300537109375,81444.03125,94.86000061035156,4696.0,35.744998931884766,98.04499816894531,156.4429931640625,6.810500144958496,17.0,25753.01953125
2026-05-06 18:10:00+00:00,1445.010009765625,81481.109375,94.62999725341797,4697.7001953125,35.720001220703125,98.0479965209961,156.4550018310547,6.810500144958496,17.020000457763672,25756.447265625
2026-05-06 19:20:00+00:00,1443.510009765625,81303.5234375,94.91999816894531,4710.89990234375,35.7400016784668,97.97899627685547,156.3509979248047,6.810500144958496,17.190000534057617,25804.037109375
2026-05-06 19:25:00+00:00,1443.5999755859375,81327.2265625,95.19000244140625,4709.2001953125,35.70000076293945,97.99700164794922,156.39100646972656,6.810500144958496,17.209999084472656,25808.900390625
2026-05-06 19:30:00+00:00,1444.3299560546875,81284.9765625,95.43000030517578,4708.2001953125,35.7400016784668,98.00399780273438,156.38400268554688,6.810500144958496,17.280000686645508,25795.8125
2026-05-06 19:35:00+00:00,1444.4100341796875,81434.9765625,95.19999694824219,4708.5,35.73500061035156,97.9990005493164,156.3780059814453,6.810500144958496,17.31999969482422,25809.556640625
2026-05-07 13:45:00+00:00,1450.8800048828125,80319.1015625,92.12000274658203,4752.60009765625,35.75,97.86399841308594,156.3719940185547,6.800899982452393,17.309999465942383,25864.1328125
2026-05-07 13:50:00+00:00,1450.6800537109375,80476.6171875,91.8499984741211,4753.7998046875,35.75,97.9020004272461,156.36700439453125,6.800899982452393,17.270000457763672,25899.548828125
2026-05-07 13:55:00+00:00,1450.530029296875,80492.65625,91.16000366210938,4756.5,35.790000915527344,97.88700103759766,156.33900451660156,6.800899982452393,17.239999771118164,25897.220703125
2026-05-07 14:00:00+00:00,1449.8800048828125,80433.4375,90.91000366210938,4755.89990234375,35.810001373291016,97.91300201416016,156.36900329589844,6.800899982452393,17.200000762939453,25933.55859375
2026-05-07 14:05:00+00:00,1450.6800537109375,80480.6875,90.7699966430664,4757.7001953125,35.779998779296875,97.90699768066406,156.36500549316406,6.800899982452393,17.15999984741211,25947.83984375
2026-05-07 14:10:00+00:00,1450.1199951171875,80666.0,90.36000061035156,4762.0,35.85499954223633,97.88300323486328,156.35000610351562,6.800899982452393,17.170000076293945,25958.013671875
2026-05-07 14:15:00+00:00,1450.8800048828125,80462.2109375,90.75,4761.5,35.79499816894531,97.88500213623047,156.36399841308594,6.800899982452393,17.18000030517578,25955.78125
2026-05-07 15:25:00+00:00,1453.280029296875,79834.5,92.16999816894531,4764.60009765625,35.525001525878906,97.92900085449219,156.44400024414062,6.800899982452393,17.219999313354492,25953.8203125
2026-05-07 15:30:00+00:00,1452.8699951171875,79962.0078125,91.77999877929688,4754.39990234375,35.540000915527344,97.88500213623047,156.41600036621094,6.800899982452393,17.209999084472656,25988.869140625
2026-05-07 15:35:00+00:00,1453.2099609375,79952.9375,91.87000274658203,4753.2998046875,35.529998779296875,97.89600372314453,156.4499969482422,6.800899982452393,17.229999542236328,25982.84375
2026-05-07 15:40:00+00:00,1453.52001953125,79963.890625,92.0999984741211,4749.10009765625,35.560001373291016,97.9020004272461,156.4720001220703,6.800899982452393,17.239999771118164,25983.9921875
2026-05-07 16:00:00+00:00,1454.0400390625,79839.7734375,93.66999816894531,4734.7001953125,35.42570114135742,97.9540023803711,156.52999877929688,6.801400184631348,17.3700008392334,25884.666015625
2026-05-07 16:05:00+00:00,1454.4300537109375,79828.0,93.68000030517578,4727.60009765625,35.43000030517578,97.9739990234375,156.55099487304688,6.801400184631348,17.420000076293945,25868.349609375
2026-05-07 16:10:00+00:00,1454.3599853515625,79821.5625,94.13999938964844,4724.7998046875,35.375,97.9800033569336,156.55099487304688,6.801400184631348,17.450000762939453,25833.0
2026-05-07 16:15:00+00:00,1455.06005859375,79730.96875,94.83999633789062,4716.0,35.34000015258789,97.9990005493164,156.61000061035156,6.801400184631348,17.530000686645508,25790.064453125
2026-05-07 19:25:00+00:00,1457.050048828125,79954.8125,96.66000366210938,4714.0,35.119998931884766,98.12999725341797,156.79299926757812,6.800899982452393,17.329999923706055,25753.486328125
2026-05-07 19:30:00+00:00,1456.81005859375,80037.59375,96.30000305175781,4717.10009765625,35.15999984741211,98.0979995727539,156.75999450683594,6.800899982452393,17.260000228881836,25776.119140625
2026-05-07 19:35:00+00:00,1456.449951171875,80168.2421875,95.83000183105469,4719.89990234375,35.19499969482422,98.08300018310547,156.72000122070312,6.800899982452393,17.18000030517578,25800.169921875
2026-05-07 19:40:00+00:00,1455.47998046875,80116.5703125,96.31999969482422,4718.5,35.209999084472656,98.0979995727539,156.75900268554688,6.800899982452393,17.1299991607666,25799.6796875
2026-05-07 19:45:00+00:00,1458.2099609375,80124.7890625,96.33000183105469,4717.39990234375,35.185001373291016,98.11399841308594,156.78399658203125,6.800899982452393,17.1299991607666,25793.466796875
2026-05-07 19:50:00+00:00,1458.0400390625,80053.7265625,96.47000122070312,4715.5,35.14500045776367,98.14199829101562,156.81900024414062,6.800899982452393,17.209999084472656,25778.939453125
2026-05-07 19:55:00+00:00,1458.3900146484375,80124.5,96.36000061035156,4712.89990234375,35.15999984741211,98.20099639892578,156.8699951171875,6.800899982452393,17.059999465942383,25806.640625
2026-05-07 20:00:00+00:00,1457.760009765625,80254.71875,95.19000244140625,4727.2001953125,35.15999984741211,98.13999938964844,156.7949981689453,6.800899982452393,16.959999084472656,25806.640625
2026-05-08 13:30:00+00:00,1462.1700439453125,79777.0390625,94.18000030517578,4748.5,35.70500183105469,97.84700012207031,156.4530029296875,6.800099849700928,16.979999542236328,26025.484375
2026-05-08 13:35:00+00:00,1462.4599609375,79694.0,94.66000366210938,4748.2998046875,35.70000076293945,97.87699890136719,156.50900268554688,6.800099849700928,16.959999084472656,26012.97265625
2026-05-08 13:40:00+00:00,1462.260009765625,79574.703125,94.47000122070312,4747.7998046875,35.869998931884766,97.87100219726562,156.5019989013672,6.800099849700928,16.940000534057617,26043.20703125
2026-05-08 13:45:00+00:00,1462.47998046875,79586.25,94.23999786376953,4750.60009765625,35.83000183105469,97.87899780273438,156.51300048828125,6.800099849700928,16.90999984741211,26100.0078125
2026-05-08 13:50:00+00:00,1462.22998046875,79558.9609375,94.25,4750.5,35.82500076293945,97.88400268554688,156.5189971923828,6.800099849700928,16.979999542236328,26085.244140625
2026-05-08 13:55:00+00:00,1462.47998046875,79599.1171875,94.30999755859375,4757.7998046875,35.83000183105469,97.89399719238281,156.4969940185547,6.800099849700928,17.040000915527344,26118.103515625
2026-05-08 14:00:00+00:00,1462.2099609375,79819.2734375,94.62000274658203,4750.0,35.80500030517578,97.91999816894531,156.56199645996094,6.800099849700928,17.06999969482422,26121.275390625
2026-05-08 14:05:00+00:00,1463.1800537109375,79840.21875,94.98999786376953,4736.10009765625,35.75,97.95899963378906,156.6230010986328,6.800099849700928,17.110000610351562,26121.12890625
2026-05-08 14:10:00+00:00,1464.0799560546875,79919.671875,95.16999816894531,4741.39990234375,35.779998779296875,97.9280014038086,156.61199951171875,6.800099849700928,17.18000030517578,26119.0234375
2026-05-08 14:15:00+00:00,1463.6800537109375,80361.1171875,95.31999969482422,4737.10009765625,35.79499816894531,97.9229965209961,156.60400390625,6.800099849700928,17.270000457763672,26122.220703125
2026-05-08 14:20:00+00:00,1462.7900390625,80246.4375,95.33000183105469,4735.2998046875,35.814998626708984,97.93099975585938,156.6199951171875,6.800099849700928,17.399999618530273,26143.962890625
2026-05-08 14:25:00+00:00,1464.1300048828125,80096.4609375,95.55000305175781,4727.60009765625,35.79999923706055,97.97100067138672,156.6510009765625,6.800099849700928,17.440000534057617,26097.66796875
2026-05-08 14:30:00+00:00,1463.56005859375,80120.9921875,95.47000122070312,4732.10009765625,35.77000045776367,97.94499969482422,156.6280059814453,6.800099849700928,17.350000381469727,26103.359375
2026-05-08 14:35:00+00:00,1463.6800537109375,80253.59375,94.8499984741211,4733.60009765625,35.75,97.92400360107422,156.60400390625,6.800099849700928,17.299999237060547,26103.16796875
2026-05-08 14:40:00+00:00,1461.9000244140625,80204.859375,94.94000244140625,4732.60009765625,35.790000915527344,97.92900085449219,156.59800720214844,6.800099849700928,17.299999237060547,26122.314453125
2026-05-08 14:45:00+00:00,1462.77001953125,80177.953125,95.0,4728.0,35.78499984741211,97.91000366210938,156.5760040283203,6.800099849700928,17.329999923706055,26132.052734375
2026-05-08 14:50:00+00:00,1462.02001953125,80175.5625,95.26000213623047,4728.0,35.755001068115234,97.90599822998047,156.5679931640625,6.800099849700928,17.360000610351562,26144.765625
2026-05-08 15:00:00+00:00,1462.0999755859375,79972.3125,95.44999694824219,4723.89990234375,35.69499969482422,97.9260025024414,156.6479949951172,6.800099849700928,17.260000228881836,26148.701171875
2026-05-08 15:05:00+00:00,1459.81005859375,79950.0234375,95.38999938964844,4726.2001953125,35.724998474121094,97.91999816894531,156.59800720214844,6.800000190734863,17.280000686645508,26140.248046875
2026-05-08 15:10:00+00:00,1462.239990234375,79870.34375,95.56999969482422,4717.5,35.69499969482422,97.9469985961914,156.6219940185547,6.800000190734863,17.270000457763672,26130.74609375
2026-05-08 15:15:00+00:00,1462.3399658203125,79828.609375,95.87000274658203,4716.60009765625,35.64500045776367,97.95800018310547,156.63299560546875,6.800000190734863,17.270000457763672,26117.0703125
2026-05-08 15:20:00+00:00,1461.8599853515625,79713.671875,95.81999969482422,4717.39990234375,35.68000030517578,97.94300079345703,156.62899780273438,6.80019998550415,17.270000457763672,26131.890625
2026-05-08 15:25:00+00:00,1461.239990234375,79684.5625,95.62000274658203,4723.10009765625,35.67499923706055,97.93199920654297,156.61000061035156,6.800000190734863,17.229999542236328,26143.685546875
2026-05-08 15:30:00+00:00,1461.06005859375,79840.0078125,95.56999969482422,4719.5,35.654998779296875,97.91799926757812,156.61500549316406,6.800000190734863,17.260000228881836,26143.01171875
2026-05-08 15:35:00+00:00,1460.3900146484375,79877.2890625,95.44999694824219,4722.2998046875,35.64500045776367,97.9000015258789,156.61300659179688,6.800000190734863,17.260000228881836,26163.873046875
2026-05-08 15:40:00+00:00,1460.8699951171875,79945.1875,95.97000122070312,4715.2998046875,35.58000183105469,97.92400360107422,156.63900756835938,6.800000190734863,17.309999465942383,26145.498046875
2026-05-08 16:10:00+00:00,1459.8399658203125,79942.59375,95.91000366210938,4721.2001953125,35.64500045776367,97.91999816894531,156.65899658203125,6.800000190734863,17.219999313354492,26167.58203125
2026-05-08 16:15:00+00:00,1461.06005859375,79933.2421875,95.91000366210938,4721.60009765625,35.6150016784668,97.91300201416016,156.6540069580078,6.800000190734863,17.219999313354492,26154.814453125
2026-05-08 16:20:00+00:00,1459.8900146484375,79952.2421875,95.75,4724.0,35.6349983215332,97.90599822998047,156.63600158691406,6.800000190734863,17.229999542236328,26169.14453125
2026-05-08 16:25:00+00:00,1459.449951171875,79927.546875,95.62999725341797,4727.2001953125,35.6599006652832,97.90299987792969,156.6300048828125,6.800000190734863,17.219999313354492,26180.400390625
2026-05-08 16:50:00+00:00,1459.68994140625,79775.6875,95.94999694824219,4722.7998046875,35.64500045776367,97.93599700927734,156.677001953125,6.80049991607666,17.290000915527344,26166.66796875
2026-05-08 16:55:00+00:00,1461.4300537109375,79777.0390625,96.12999725341797,4721.89990234375,35.599998474121094,97.9489974975586,156.697998046875,6.80049991607666,17.280000686645508,26164.583984375
2026-05-08 17:00:00+00:00,1461.3900146484375,79873.3828125,95.81999969482422,4725.0,35.61009979248047,97.9520034790039,156.70399475097656,6.80049991607666,17.25,26191.24609375
2026-05-08 17:05:00+00:00,1461.489990234375,79803.3515625,95.98999786376953,4723.7998046875,35.599998474121094,97.947998046875,156.71200561523438,6.80049991607666,17.270000457763672,26194.171875
2026-05-08 19:05:00+00:00,1461.5,80055.5234375,95.41000366210938,4734.2998046875,35.58000183105469,97.88300323486328,156.70199584960938,6.800000190734863,17.489999771118164,26207.125
2026-05-08 19:10:00+00:00,1461.5999755859375,80049.953125,95.43000030517578,4733.10009765625,35.564998626708984,97.87999725341797,156.69400024414062,6.800000190734863,17.5,26206.341796875
2026-05-08 19:15:00+00:00,1462.0400390625,80050.9375,95.41000366210938,4733.39990234375,35.55500030517578,97.88200378417969,156.697998046875,6.800000190734863,17.3799991607666,26212.447265625
2026-05-08 19:20:00+00:00,1461.739990234375,80020.8828125,95.33999633789062,4734.2998046875,35.55500030517578,97.87699890136719,156.71600341796875,6.800000190734863,17.3799991607666,26201.5703125
2026-05-08 19:35:00+00:00,1461.9000244140625,80045.03125,95.29000091552734,4733.0,35.560001373291016,97.88099670410156,156.73500061035156,6.800000190734863,17.229999542236328,26208.1953125
2026-05-08 19:40:00+00:00,1462.1800537109375,80092.390625,94.87999725341797,4734.60009765625,35.61989974975586,97.8759994506836,156.7239990234375,6.800000190734863,17.149999618530273,26218.0390625
2026-05-08 19:45:00+00:00,1461.5400390625,80101.3125,94.94999694824219,4733.89990234375,35.6150016784668,97.88500213623047,156.7209930419922,6.800000190734863,17.06999969482422,26221.482421875
2026-05-08 19:50:00+00:00,1461.5899658203125,80101.3125,94.80000305175781,4734.60009765625,35.625,97.89800262451172,156.7550048828125,6.800000190734863,17.06999969482422,26245.1875
2026-05-08 19:55:00+00:00,1461.8199462890625,80101.3125,94.91000366210938,4733.39990234375,35.61000061035156,97.89199829101562,156.7220001220703,6.800000190734863,17.18000030517578,26239.748046875
2026-05-08 20:00:00+00:00,1461.699951171875,80155.34375,94.66999816894531,4732.60009765625,35.61000061035156,97.88999938964844,156.74600219726562,6.800000190734863,17.1299991607666,26239.748046875
2026-05-09 13:30:00+00:00,1461.699951171875,80334.9296875,94.66999816894531,4732.60009765625,35.61000061035156,97.88999938964844,156.74600219726562,6.800000190734863,17.1299991607666,26239.748046875
2026-05-11 13:30:00+00:00,1472.47998046875,80890.3671875,97.01000213623047,4744.60009765625,35.380001068115234,97.91899871826172,157.07200622558594,6.7947001457214355,18.290000915527344,26221.15625
2026-05-11 13:35:00+00:00,1472.3699951171875,80830.0234375,96.9000015258789,4745.0,35.334999084472656,97.90299987792969,157.05599975585938,6.7947001457214355,18.34000015258789,26227.224609375
2026-05-11 13:40:00+00:00,1471.050048828125,81051.796875,96.5199966430664,4753.7001953125,35.36000061035156,97.875,157.01100158691406,6.7947001457214355,18.299999237060547,26259.935546875
2026-05-11 13:45:00+00:00,1469.97998046875,80995.9921875,96.33000183105469,4747.60009765625,35.380001068115234,97.87100219726562,157.0,6.7947001457214355,18.229999542236328,26252.3046875
2026-05-11 13:50:00+00:00,1469.8800048828125,80931.296875,96.25,4749.60009765625,35.36000061035156,97.86799621582031,156.98699951171875,6.7947001457214355,18.239999771118164,26225.07421875
2026-05-11 13:55:00+00:00,1470.3800048828125,81041.3671875,96.62000274658203,4745.7001953125,35.3650016784668,97.88099670410156,157.03500366210938,6.7947998046875,18.190000534057617,26210.7578125
2026-05-11 14:00:00+00:00,1470.1800537109375,81158.4765625,96.91999816894531,4740.10009765625,35.2400016784668,97.9020004272461,157.04600524902344,6.7947001457214355,18.219999313354492,26241.162109375
2026-05-11 14:05:00+00:00,1470.739990234375,81190.6171875,96.94999694824219,4734.0,35.220699310302734,97.90899658203125,157.04600524902344,6.794899940490723,18.270000457763672,26248.755859375
2026-05-11 14:10:00+00:00,1470.1800537109375,81109.25,96.98999786376953,4740.39990234375,35.21500015258789,97.88200378417969,157.03199768066406,6.794899940490723,18.219999313354492,26270.123046875
2026-05-11 14:15:00+00:00,1469.280029296875,81058.546875,96.8499984741211,4740.7998046875,35.28010177612305,97.86499786376953,157.01100158691406,6.7947001457214355,18.239999771118164,26277.666015625
2026-05-11 14:20:00+00:00,1469.6500244140625,80928.453125,96.98999786376953,4743.39990234375,35.224998474121094,97.86199951171875,157.01600646972656,6.7947001457214355,18.260000228881836,26270.154296875
2026-05-11 14:25:00+00:00,1470.43994140625,80713.046875,97.27999877929688,4734.5,35.2400016784668,97.87000274658203,157.0279998779297,6.7947001457214355,18.25,26192.421875
2026-05-11 14:30:00+00:00,1470.43994140625,80576.7890625,97.5199966430664,4730.7998046875,35.18000030517578,97.88400268554688,157.06399536132812,6.7947001457214355,18.239999771118164,26207.21875
2026-05-11 14:35:00+00:00,1470.43994140625,80831.3125,97.41999816894531,4736.60009765625,35.18130111694336,97.86799621582031,157.0290069580078,6.7947001457214355,18.18000030517578,26239.400390625
2026-05-11 19:30:00+00:00,1474.6400146484375,81843.3203125,98.12999725341797,4734.0,34.96500015258789,97.95600128173828,157.2530059814453,6.794300079345703,18.40999984741211,26254.751953125
2026-05-11 19:35:00+00:00,1474.9000244140625,81927.9609375,97.94999694824219,4737.2001953125,34.959999084472656,97.95500183105469,157.25399780273438,6.794300079345703,18.43000030517578,26254.974609375
2026-05-11 19:40:00+00:00,1475.1500244140625,81985.7421875,98.0199966430664,4736.39990234375,34.95000076293945,97.96299743652344,157.2530059814453,6.794300079345703,18.459999084472656,26244.376953125
2026-05-11 19:45:00+00:00,1474.9599609375,81964.5390625,98.0999984741211,4741.0,34.95989990234375,97.95999908447266,157.25900268554688,6.794300079345703,18.43000030517578,26255.8046875
2026-05-11 19:50:00+00:00,1474.6300048828125,81926.3203125,98.23999786376953,4743.89990234375,34.974998474121094,97.96399688720703,157.2480010986328,6.794300079345703,18.389999389648438,26261.1875
2026-05-12 13:30:00+00:00,1489.760009765625,80652.7109375,101.73999786376953,4696.39990234375,34.474998474121094,98.3270034790039,157.60699462890625,6.791500091552734,18.68000030517578,26114.61328125
2026-05-12 13:35:00+00:00,1489.4100341796875,80733.84375,101.5199966430664,4705.60009765625,34.46500015258789,98.32599639892578,157.61700439453125,6.791500091552734,18.790000915527344,26126.623046875
2026-05-12 15:25:00+00:00,1493.8800048828125,80181.96875,101.91999816894531,4663.2998046875,34.415000915527344,98.44599914550781,157.7469940185547,6.791500091552734,19.06999969482422,25835.3515625
2026-05-12 15:30:00+00:00,1492.6300048828125,80413.390625,101.52999877929688,4670.10009765625,34.470001220703125,98.38600158691406,157.71800231933594,6.791500091552734,18.969999313354492,25874.486328125
2026-05-12 15:35:00+00:00,1492.280029296875,80349.2734375,101.54000091552734,4674.5,34.45500183105469,98.38600158691406,157.72300720214844,6.791500091552734,18.889999389648438,25891.31640625
2026-05-12 15:40:00+00:00,1491.969970703125,80333.0,101.27999877929688,4672.60009765625,34.47999954223633,98.375,157.68299865722656,6.791500091552734,18.829999923706055,25893.931640625
2026-05-12 15:45:00+00:00,1492.0799560546875,80260.2109375,101.44999694824219,4673.5,34.45500183105469,98.38200378417969,157.7100067138672,6.791999816894531,18.850000381469727,25881.15234375
2026-05-12 15:50:00+00:00,1491.300048828125,80370.640625,101.38999938964844,4675.39990234375,34.40999984741211,98.36799621582031,157.71600341796875,6.791999816894531,18.850000381469727,25856.318359375
2026-05-12 15:55:00+00:00,1490.199951171875,80295.5390625,101.5,4673.10009765625,34.400001525878906,98.36799621582031,157.70599365234375,6.791999816894531,18.950000762939453,25827.521484375
2026-05-12 16:00:00+00:00,1490.030029296875,80299.7421875,101.4800033569336,4677.7001953125,34.45000076293945,98.36000061035156,157.72000122070312,6.791999816894531,18.829999923706055,25870.34765625
2026-05-12 16:05:00+00:00,1490.8800048828125,80312.296875,101.56999969482422,4676.2001953125,34.41999816894531,98.35900115966797,157.7100067138672,6.791500091552734,18.81999969482422,25846.626953125
2026-05-12 16:10:00+00:00,1489.3900146484375,80341.46875,101.27999877929688,4678.89990234375,34.474998474121094,98.34100341796875,157.70700073242188,6.791500091552734,18.690000534057617,25882.25
2026-05-12 16:15:00+00:00,1490.0999755859375,80326.3125,101.33999633789062,4679.10009765625,34.439998626708984,98.34600067138672,157.68499755859375,6.791500091552734,18.690000534057617,25849.4375
2026-05-12 16:20:00+00:00,1490.6199951171875,80272.3671875,101.55000305175781,4674.60009765625,34.43009948730469,98.35299682617188,157.68499755859375,6.791500091552734,18.739999771118164,25830.6015625
2026-05-12 16:25:00+00:00,1490.6800537109375,80258.9609375,101.70999908447266,4675.5,34.415000915527344,98.35299682617188,157.6929931640625,6.791500091552734,18.68000030517578,25823.078125
2026-05-12 16:30:00+00:00,1491.8699951171875,80245.796875,101.83000183105469,4675.60009765625,34.45000076293945,98.36299896240234,157.69400024414062,6.791500091552734,18.690000534057617,25802.951171875
2026-05-12 16:45:00+00:00,1492.8199462890625,79959.0,101.83999633789062,4677.0,34.41859817504883,98.39900207519531,157.72999572753906,6.791500091552734,18.649999618530273,25774.23828125
2026-05-12 16:50:00+00:00,1492.6800537109375,79938.796875,101.80999755859375,4677.2998046875,34.404998779296875,98.39700317382812,157.7429962158203,6.791500091552734,18.670000076293945,25754.970703125
2026-05-12 16:55:00+00:00,1493.0799560546875,79965.0078125,101.63999938964844,4678.10009765625,34.3849983215332,98.40499877929688,157.74899291992188,6.791500091552734,18.639999389648438,25745.326171875
2026-05-12 17:00:00+00:00,1493.0,80081.7421875,101.45999908447266,4683.39990234375,34.4010009765625,98.375,157.71299743652344,6.791500091552734,18.530000686645508,25779.349609375
2026-05-12 19:55:00+00:00,1493.050048828125,80814.296875,102.37999725341797,4723.2001953125,34.279998779296875,98.29299926757812,157.6280059814453,6.791500091552734,17.940000534057617,26090.302734375
2026-05-12 20:00:00+00:00,1493.1400146484375,80869.828125,102.33999633789062,4720.89990234375,34.279998779296875,98.28900146484375,157.59300231933594,6.791500091552734,17.979999542236328,26090.302734375
2026-05-13 13:30:00+00:00,1491.1800537109375,80099.7109375,102.30999755859375,4690.39990234375,34.269901275634766,98.53099822998047,157.80299377441406,6.790299892425537,18.229999542236328,26160.59765625
2026-05-13 13:35:00+00:00,1491.969970703125,79849.5078125,102.43000030517578,4681.5,34.27000045776367,98.54299926757812,157.80299377441406,6.790299892425537,18.31999969482422,26108.603515625
2026-05-13 13:45:00+00:00,1492.0799560546875,79609.0625,102.58999633789062,4679.60009765625,34.2400016784668,98.51599884033203,157.78199768066406,6.790299892425537,18.270000457763672,26045.283203125
2026-05-13 13:50:00+00:00,1490.8800048828125,79694.0,102.62000274658203,4690.10009765625,34.185001373291016,98.49400329589844,157.76699829101562,6.790299892425537,18.170000076293945,26120.2890625
2026-05-13 13:55:00+00:00,1490.8399658203125,79617.9765625,102.87000274658203,4686.2001953125,34.150001525878906,98.5009994506836,157.77200317382812,6.790299892425537,18.09000015258789,26097.572265625
2026-05-13 14:00:00+00:00,1491.2099609375,79610.2109375,103.08000183105469,4683.89990234375,34.16999816894531,98.49400329589844,157.7779998779297,6.790299892425537,18.139999389648438,26101.115234375
2026-05-13 15:15:00+00:00,1490.469970703125,79304.71875,102.9000015258789,4694.2001953125,33.96500015258789,98.50900268554688,157.86300659179688,6.790299892425537,18.010000228881836,26270.529296875
2026-05-13 15:20:00+00:00,1490.5,79310.2734375,102.79000091552734,4695.10009765625,33.935001373291016,98.5,157.8520050048828,6.790299892425537,18.030000686645508,26259.17578125
2026-05-13 15:25:00+00:00,1490.3800048828125,79239.0,102.5999984741211,4698.2001953125,33.898101806640625,98.49199676513672,157.85499572753906,6.790800094604492,18.040000915527344,26265.033203125
2026-05-13 15:30:00+00:00,1490.3800048828125,79267.1875,102.37000274658203,4702.7001953125,33.935001373291016,98.46399688720703,157.8159942626953,6.790800094604492,18.010000228881836,26275.51171875
2026-05-13 15:35:00+00:00,1490.3800048828125,79212.0234375,102.23999786376953,4706.39990234375,34.01499938964844,98.4489974975586,157.78799438476562,6.790800094604492,18.040000915527344,26285.81640625
2026-05-13 15:40:00+00:00,1490.3800048828125,79209.0,102.2699966430664,4707.39990234375,33.98849868774414,98.45500183105469,157.781005859375,6.790800094604492,18.06999969482422,26323.078125
2026-05-13 16:10:00+00:00,1488.9100341796875,78862.421875,101.91999816894531,4709.60009765625,34.0099983215332,98.4800033569336,157.8249969482422,6.790299892425537,18.049999237060547,26330.400390625
2026-05-13 16:15:00+00:00,1488.0,78860.578125,101.58000183105469,4707.2001953125,34.0099983215332,98.48799896240234,157.8280029296875,6.790299892425537,18.100000381469727,26321.18359375
2026-05-13 16:20:00+00:00,1488.68994140625,78942.25,101.16999816894531,4713.89990234375,34.099998474121094,98.46299743652344,157.81199645996094,6.790299892425537,18.040000915527344,26369.560546875
2026-05-13 16:25:00+00:00,1487.8199462890625,79003.140625,101.2699966430664,4714.7001953125,34.095001220703125,98.44300079345703,157.76300048828125,6.790299892425537,18.06999969482422,26377.34375
2026-05-13 17:15:00+00:00,1488.3599853515625,79274.0,101.83000183105469,4707.7001953125,34.01499938964844,98.49500274658203,157.8350067138672,6.790299892425537,18.0,26409.26171875
2026-05-13 17:20:00+00:00,1488.489990234375,79268.0,101.83999633789062,4705.39990234375,34.04499816894531,98.4990005493164,157.84800720214844,6.790299892425537,18.010000228881836,26391.76953125
2026-05-13 17:25:00+00:00,1488.699951171875,79306.8671875,101.70999908447266,4706.2998046875,34.05500030517578,98.5009994506836,157.85000610351562,6.790299892425537,17.979999542236328,26411.24609375
2026-05-13 17:30:00+00:00,1489.1199951171875,79335.609375,101.5,4698.60009765625,33.991798400878906,98.50499725341797,157.85499572753906,6.790299892425537,17.959999084472656,26398.9765625
2026-05-14 13:50:00+00:00,1491.1600341796875,79926.453125,100.66999816894531,4691.0,34.67499923706055,98.63700103759766,157.83799743652344,6.784599781036377,17.940000534057617,26492.29296875
2026-05-14 13:55:00+00:00,1492.0799560546875,79679.9921875,100.88999938964844,4685.2001953125,34.59000015258789,98.64399719238281,157.8730010986328,6.784599781036377,17.940000534057617,26439.037109375
2026-05-14 14:00:00+00:00,1491.280029296875,79774.65625,100.9000015258789,4691.7001953125,34.560001373291016,98.63700103759766,157.84800720214844,6.784599781036377,17.8700008392334,26503.326171875
2026-05-14 14:05:00+00:00,1491.1300048828125,79750.0,101.06999969482422,4691.5,34.54180145263672,98.62100219726562,157.875,6.784599781036377,17.8799991607666,26474.333984375
2026-05-14 14:50:00+00:00,1491.0400390625,80833.359375,101.01000213623047,4691.5,34.59000015258789,98.68000030517578,158.0279998779297,6.784599781036377,17.979999542236328,26617.857421875
2026-05-14 14:55:00+00:00,1490.6800537109375,80949.109375,100.58999633789062,4685.7001953125,34.599998474121094,98.73799896240234,158.14599609375,6.784599781036377,18.0,26598.443359375
2026-05-14 15:00:00+00:00,1490.8800048828125,81028.5,100.8499984741211,4684.2001953125,34.540000915527344,98.74800109863281,158.1490020751953,6.784599781036377,17.969999313354492,26603.625
2026-05-14 15:05:00+00:00,1491.780029296875,80878.0,100.7699966430664,4689.2001953125,34.529998779296875,98.75700378417969,158.13400268554688,6.784599781036377,17.920000076293945,26632.84765625
2026-05-14 15:10:00+00:00,1491.6500244140625,80976.59375,100.87000274658203,4690.7001953125,34.53499984741211,98.76499938964844,158.14500427246094,6.784599781036377,17.8700008392334,26645.787109375
2026-05-14 15:15:00+00:00,1491.56005859375,81001.640625,100.56999969482422,4693.5,34.529998779296875,98.77100372314453,158.14599609375,6.784599781036377,17.90999984741211,26665.3828125
2026-05-14 15:20:00+00:00,1491.6400146484375,81029.7578125,100.83999633789062,4692.0,34.61000061035156,98.78500366210938,158.16299438476562,6.784599781036377,17.90999984741211,26667.314453125
2026-05-14 15:25:00+00:00,1491.800048828125,80994.0,100.7300033569336,4692.0,34.595001220703125,98.75800323486328,158.14100646972656,6.784599781036377,17.889999389648438,26670.5078125
2026-05-14 17:05:00+00:00,1491.6800537109375,81969.0,101.38999938964844,4686.5,34.564998626708984,98.78399658203125,158.16200256347656,6.785099983215332,17.59000015258789,26617.4765625
2026-05-14 17:10:00+00:00,1491.8900146484375,81735.65625,101.41000366210938,4684.89990234375,34.55500030517578,98.78800201416016,158.1739959716797,6.785099983215332,17.600000381469727,26587.6640625
2026-05-14 17:15:00+00:00,1491.93994140625,81425.65625,101.45999908447266,4686.10009765625,34.55550003051758,98.79100036621094,158.1929931640625,6.785099983215332,17.670000076293945,26559.400390625
2026-05-14 17:20:00+00:00,1492.1700439453125,81450.6015625,101.5199966430664,4687.2001953125,34.540000915527344,98.79100036621094,158.1479949951172,6.785099983215332,17.579999923706055,26569.55078125
2026-05-14 18:45:00+00:00,1492.1400146484375,81585.109375,101.47000122070312,4675.5,34.43009948730469,98.822998046875,158.18600463867188,6.784599781036377,17.43000030517578,26632.216796875
2026-05-14 18:50:00+00:00,1491.9599609375,81470.25,101.47000122070312,4674.0,34.420101165771484,98.83300018310547,158.19400024414062,6.784599781036377,17.280000686645508,26644.759765625
2026-05-14 18:55:00+00:00,1491.8399658203125,81590.34375,101.43000030517578,4677.2998046875,34.44499969482422,98.81900024414062,158.1820068359375,6.784599781036377,17.239999771118164,26648.25
2026-05-14 19:00:00+00:00,1491.8699951171875,81665.4296875,101.43000030517578,4674.60009765625,34.38999938964844,98.81400299072266,158.14500427246094,6.784599781036377,17.260000228881836,26665.333984375
2026-05-14 19:30:00+00:00,1491.8900146484375,81474.4765625,101.76000213623047,4670.0,34.34000015258789,98.84200286865234,158.28799438476562,6.784599781036377,17.270000457763672,26653.431640625
2026-05-14 19:35:00+00:00,1492.4100341796875,81389.578125,101.80999755859375,4664.7998046875,34.28990173339844,98.86100006103516,158.29400634765625,6.784599781036377,17.299999237060547,26657.90234375
2026-05-14 19:40:00+00:00,1492.719970703125,81459.109375,101.7699966430664,4662.2001953125,34.255001068115234,98.87899780273438,158.31900024414062,6.784599781036377,17.299999237060547,26661.96875
2026-05-14 19:45:00+00:00,1492.050048828125,81416.0078125,101.81999969482422,4662.2998046875,34.209999084472656,98.8759994506836,158.31199645996094,6.784599781036377,17.329999923706055,26655.87890625
2026-05-15 13:30:00+00:00,1499.8800048828125,79670.40625,99.41000366210938,4546.7001953125,32.8650016784668,99.23300170898438,158.6199951171875,6.808700084686279,18.75,26220.197265625
2026-05-15 13:35:00+00:00,1500.280029296875,79305.3828125,99.27999877929688,4532.60009765625,32.915000915527344,99.23600006103516,158.63800048828125,6.808700084686279,18.770000457763672,26173.33984375
2026-05-15 13:40:00+00:00,1500.280029296875,79089.59375,99.56999969482422,4523.89990234375,32.79499816894531,99.26599884033203,158.68499755859375,6.808700084686279,18.739999771118164,26166.5078125
2026-05-15 13:50:00+00:00,1499.97998046875,79013.3515625,99.72000122070312,4538.39990234375,32.769901275634766,99.26899719238281,158.69000244140625,6.808700084686279,18.5,26251.298828125
2026-05-15 13:55:00+00:00,1500.5400390625,78701.9296875,99.88999938964844,4537.2998046875,32.7599983215332,99.26899719238281,158.68600463867188,6.808700084686279,18.700000762939453,26165.359375
2026-05-15 14:00:00+00:00,1500.8199462890625,78906.8515625,99.81999969482422,4537.2001953125,32.72999954223633,99.2750015258789,158.71099853515625,6.808700084686279,18.790000915527344,26192.17578125
2026-05-15 14:05:00+00:00,1500.780029296875,79068.46875,99.58999633789062,4538.0,32.78499984741211,99.24800109863281,158.697998046875,6.808700084686279,18.790000915527344,26231.41015625
2026-05-15 14:10:00+00:00,1499.6199951171875,79209.4296875,99.4000015258789,4547.60009765625,32.744998931884766,99.23200225830078,158.6649932861328,6.808700084686279,18.579999923706055,26301.701171875
2026-05-15 14:15:00+00:00,1494.8800048828125,79161.96875,99.36000061035156,4563.39990234375,32.85499954223633,99.16600036621094,158.61199951171875,6.808700084686279,18.520000457763672,26333.205078125
2026-05-15 14:20:00+00:00,1496.719970703125,79131.4375,99.72000122070312,4562.60009765625,32.91999816894531,99.18199920654297,158.64300537109375,6.808700084686279,18.600000381469727,26331.666015625
2026-05-15 14:25:00+00:00,1497.9300537109375,79030.15625,99.77999877929688,4559.7001953125,32.90999984741211,99.20099639892578,158.66600036621094,6.808700084686279,18.709999084472656,26269.009765625
2026-05-15 15:15:00+00:00,1497.93994140625,79232.1875,100.3499984741211,4551.7001953125,32.84859848022461,99.26399993896484,158.65699768066406,6.808700084686279,18.100000381469727,26306.59375
2026-05-15 15:20:00+00:00,1497.6800537109375,79228.0078125,100.29000091552734,4550.0,32.839298248291016,99.28399658203125,158.6750030517578,6.808700084686279,18.040000915527344,26318.154296875
2026-05-15 15:25:00+00:00,1498.300048828125,79099.171875,100.0999984741211,4551.10009765625,32.81999969482422,99.28399658203125,158.67100524902344,6.808700084686279,18.059999465942383,26311.69921875
2026-05-15 15:30:00+00:00,1498.27001953125,79118.2109375,100.13999938964844,4547.7998046875,32.75,99.27100372314453,158.69200134277344,6.808700084686279,18.079999923706055,26328.19140625
2026-05-15 15:35:00+00:00,1498.97998046875,79099.46875,100.41999816894531,4546.7001953125,32.75,99.27200317382812,158.69200134277344,6.808700084686279,18.139999389648438,26319.19921875
2026-05-15 15:40:00+00:00,1499.1199951171875,79063.4765625,100.52999877929688,4545.60009765625,32.70000076293945,99.28500366210938,158.7010040283203,6.808700084686279,18.360000610351562,26276.5
2026-05-15 15:45:00+00:00,1499.3199462890625,79094.9765625,100.83999633789062,4544.2001953125,32.71139907836914,99.2969970703125,158.72799682617188,6.808700084686279,18.459999084472656,26262.646484375
2026-05-15 15:50:00+00:00,1499.9599609375,79202.9609375,101.0999984741211,4542.10009765625,32.71989822387695,99.28099822998047,158.73899841308594,6.808700084686279,18.530000686645508,26241.826171875
2026-05-15 15:55:00+00:00,1498.1800537109375,79113.296875,100.93000030517578,4543.7998046875,32.834999084472656,99.25599670410156,158.6909942626953,6.808700084686279,18.40999984741211,26272.666015625
2026-05-15 16:00:00+00:00,1498.949951171875,79156.328125,100.91999816894531,4539.60009765625,32.810001373291016,99.27200317382812,158.70799255371094,6.808700084686279,18.440000534057617,26272.240234375
2026-05-15 16:05:00+00:00,1498.949951171875,79163.9609375,101.05000305175781,4535.2998046875,32.81999969482422,99.26000213623047,158.71299743652344,6.808700084686279,18.399999618530273,26283.62890625
2026-05-15 16:10:00+00:00,1498.949951171875,79183.0,100.80000305175781,4536.60009765625,32.81999969482422,99.26799774169922,158.697998046875,6.808700084686279,18.3700008392334,26279.919921875
2026-05-15 17:10:00+00:00,1496.739990234375,79225.078125,100.37999725341797,4561.2001953125,32.73500061035156,99.18699645996094,158.65899658203125,6.809199810028076,17.969999313354492,26349.375
2026-05-15 17:15:00+00:00,1496.6800537109375,79240.9375,100.43000030517578,4559.89990234375,32.72999954223633,99.19100189208984,158.6699981689453,6.809199810028076,17.959999084472656,26353.818359375
2026-05-15 17:20:00+00:00,1496.6099853515625,79287.609375,100.54000091552734,4565.89990234375,32.73500061035156,99.18699645996094,158.6490020751953,6.809199810028076,17.850000381469727,26385.21484375
2026-05-15 17:25:00+00:00,1497.6199951171875,79343.6171875,100.58999633789062,4561.7998046875,32.75,99.2020034790039,158.67100524902344,6.809199810028076,17.829999923706055,26400.625
2026-05-18 13:50:00+00:00,1493.780029296875,76995.8125,99.33999633789062,4587.89990234375,32.904998779296875,99.00900268554688,158.6510009765625,6.799499988555908,18.3799991607666,26283.89453125
2026-05-18 13:55:00+00:00,1493.0799560546875,76885.59375,99.58999633789062,4579.89990234375,32.823699951171875,99.04900360107422,158.74000549316406,6.799499988555908,18.389999389648438,26266.79296875
2026-05-18 14:00:00+00:00,1495.81005859375,76902.5625,100.37999725341797,4570.0,32.72999954223633,99.08699798583984,158.81300354003906,6.799499988555908,18.610000610351562,26202.978515625
2026-05-18 14:05:00+00:00,1494.9300537109375,76814.5234375,100.58000183105469,4571.10009765625,32.685001373291016,99.08300018310547,158.82000732421875,6.799499988555908,18.3799991607666,26269.1953125
2026-05-18 14:35:00+00:00,1497.0799560546875,76468.0,101.69000244140625,4550.7998046875,32.494998931884766,99.08899688720703,158.8780059814453,6.799499988555908,18.65999984741211,26103.533203125
2026-05-18 14:40:00+00:00,1496.6800537109375,76423.1484375,102.05999755859375,4552.0,32.439998626708984,99.10299682617188,158.89300537109375,6.799499988555908,18.530000686645508,26133.435546875
2026-05-18 14:45:00+00:00,1497.449951171875,76342.140625,102.0,4547.60009765625,32.499900817871094,99.0979995727539,158.85899353027344,6.799499988555908,18.59000015258789,26069.4296875
2026-05-18 14:50:00+00:00,1496.5799560546875,76304.1171875,102.11000061035156,4546.2998046875,32.5,99.07499694824219,158.80799865722656,6.799499988555908,18.450000762939453,26108.66015625
2026-05-18 14:55:00+00:00,1496.5999755859375,76343.8984375,102.22000122070312,4550.7998046875,32.53499984741211,99.0999984741211,158.8419952392578,6.799499988555908,18.450000762939453,26125.53515625
2026-05-18 15:00:00+00:00,1497.9000244140625,76173.90625,102.88999938964844,4542.0,32.3650016784668,99.15799713134766,158.91900634765625,6.799499988555908,18.610000610351562,26100.333984375
2026-05-18 15:35:00+00:00,1495.3800048828125,76164.0,102.9000015258789,4546.2998046875,32.599998474121094,99.06099700927734,158.83099365234375,6.799499988555908,18.639999389648438,26058.12109375
2026-05-18 15:40:00+00:00,1495.47998046875,76262.5390625,102.91999816894531,4543.0,32.54999923706055,99.06700134277344,158.84100341796875,6.799499988555908,18.670000076293945,26031.455078125
2026-05-18 15:45:00+00:00,1495.719970703125,76255.9609375,102.83000183105469,4546.10009765625,32.564998626708984,99.07499694824219,158.85400390625,6.799499988555908,18.639999389648438,26045.326171875
2026-05-18 15:50:00+00:00,1494.47998046875,76343.9921875,102.7300033569336,4548.5,32.599998474121094,99.02899932861328,158.8040008544922,6.799499988555908,18.610000610351562,26060.556640625
2026-05-18 15:55:00+00:00,1494.75,76338.546875,102.8499984741211,4547.7001953125,32.630001068115234,99.04499816894531,158.83200073242188,6.799499988555908,18.649999618530273,26031.69921875
2026-05-18 16:00:00+00:00,1494.8499755859375,76242.4609375,103.01000213623047,4545.7001953125,32.654998779296875,99.05599975585938,158.83700561523438,6.799499988555908,18.690000534057617,26007.021484375
2026-05-18 16:05:00+00:00,1494.719970703125,76259.3984375,103.01000213623047,4547.7998046875,32.650001525878906,99.0260009765625,158.81100463867188,6.799499988555908,18.6299991607666,26028.462890625
2026-05-18 16:10:00+00:00,1493.969970703125,76435.71875,102.95999908447266,4552.7998046875,32.66999816894531,98.98200225830078,158.78599548339844,6.799499988555908,18.459999084472656,26058.041015625
2026-05-18 18:15:00+00:00,1492.8499755859375,76268.96875,104.12999725341797,4546.60009765625,32.439998626708984,99.0719985961914,158.96200561523438,6.799499988555908,18.670000076293945,25923.08203125
2026-05-18 18:20:00+00:00,1491.93994140625,76244.2109375,104.66000366210938,4545.10009765625,32.349998474121094,99.09300231933594,158.98500061035156,6.799499988555908,18.68000030517578,25924.599609375
2026-05-18 18:25:00+00:00,1492.8199462890625,76294.71875,104.41999816894531,4546.39990234375,32.314998626708984,99.11799621582031,158.99600219726562,6.799499988555908,18.649999618530273,25937.810546875
2026-05-18 18:30:00+00:00,1492.3499755859375,76325.6796875,104.30999755859375,4546.60009765625,32.36980056762695,99.11499786376953,159.0,6.799499988555908,18.59000015258789,25939.755859375
2026-05-19 13:30:00+00:00,1511.5799560546875,76808.3203125,104.30000305175781,4484.2001953125,31.825000762939453,99.35900115966797,159.14300537109375,6.8059000968933105,18.049999237060547,25934.91796875
2026-05-19 13:35:00+00:00,1510.6199951171875,76865.6484375,104.19000244140625,4485.60009765625,31.84000015258789,99.33200073242188,159.10000610351562,6.8059000968933105,17.920000076293945,25980.541015625
2026-05-19 14:05:00+00:00,1509.780029296875,76685.0703125,103.44000244140625,4506.5,31.915000915527344,99.31199645996094,159.11700439453125,6.8059000968933105,17.989999771118164,25816.638671875
2026-05-19 14:10:00+00:00,1510.3800048828125,76541.5,103.69999694824219,4495.7001953125,31.886499404907227,99.35099792480469,159.14700317382812,6.8059000968933105,17.979999542236328,25768.814453125
2026-05-19 14:15:00+00:00,1511.300048828125,76394.6171875,103.63999938964844,4497.7001953125,31.795000076293945,99.3550033569336,159.1439971923828,6.8059000968933105,18.010000228881836,25745.564453125
2026-05-19 14:20:00+00:00,1511.5799560546875,76365.71875,103.5,4489.2001953125,31.608600616455078,99.3949966430664,159.20199584960938,6.8059000968933105,17.989999771118164,25748.6484375
2026-05-19 14:25:00+00:00,1512.469970703125,76375.046875,103.13999938964844,4492.7001953125,31.614999771118164,99.38800048828125,159.1929931640625,6.8059000968933105,18.059999465942383,25740.376953125
2026-05-19 14:30:00+00:00,1511.760009765625,76208.9765625,102.94000244140625,4493.10009765625,31.65999984741211,99.39800262451172,159.16600036621094,6.8059000968933105,18.030000686645508,25732.21875
2026-05-19 14:50:00+00:00,1511.8800048828125,76187.0,103.55999755859375,4490.0,31.690000534057617,99.41300201416016,159.13600158691406,6.815299987792969,18.31999969482422,25751.998046875
2026-05-19 14:55:00+00:00,1511.280029296875,76315.96875,103.48999786376953,4496.89990234375,31.75,99.39900207519531,159.06300354003906,6.815000057220459,18.200000762939453,25807.3515625
2026-05-19 15:00:00+00:00,1510.280029296875,76448.4296875,103.05999755859375,4500.10009765625,31.864999771118164,99.38999938964844,159.05499267578125,6.814700126647949,18.110000610351562,25813.826171875
2026-05-19 15:05:00+00:00,1510.47998046875,76447.21875,103.1500015258789,4501.60009765625,31.80500030517578,99.4010009765625,159.07200622558594,6.815100193023682,18.139999389648438,25788.029296875
2026-05-19 15:10:00+00:00,1510.06005859375,76519.953125,103.44000244140625,4502.60009765625,31.809999465942383,99.40399932861328,159.09500122070312,6.815299987792969,18.06999969482422,25822.93359375
2026-05-19 15:15:00+00:00,1508.97998046875,76492.328125,103.1500015258789,4504.10009765625,31.905000686645508,99.38700103759766,159.08599853515625,6.815299987792969,18.059999465942383,25794.48046875
2026-05-19 15:20:00+00:00,1509.5,76364.1171875,103.58000183105469,4498.2998046875,31.84000015258789,99.4020004272461,159.10400390625,6.815299987792969,18.209999084472656,25753.595703125
2026-05-19 15:25:00+00:00,1509.02001953125,76426.359375,103.4800033569336,4503.0,31.809999465942383,99.39299774169922,159.1510009765625,6.815299987792969,18.209999084472656,25769.369140625
2026-05-19 15:35:00+00:00,1509.199951171875,76526.7421875,103.37000274658203,4506.60009765625,31.850000381469727,99.36299896240234,159.13900756835938,6.814000129699707,18.010000228881836,25823.65625
2026-05-19 15:40:00+00:00,1508.9599609375,76406.796875,103.55000305175781,4505.5,31.844999313354492,99.36000061035156,159.13499450683594,6.814000129699707,17.959999084472656,25832.701171875
2026-05-19 15:45:00+00:00,1508.6199951171875,76432.203125,103.69999694824219,4507.2001953125,31.8799991607666,99.34700012207031,159.11300659179688,6.814000129699707,17.920000076293945,25824.0
2026-05-19 15:50:00+00:00,1508.6800537109375,76431.5703125,103.76000213623047,4506.5,31.860000610351562,99.3550033569336,159.12100219726562,6.814000129699707,17.989999771118164,25801.033203125
2026-05-19 15:55:00+00:00,1508.06005859375,76441.421875,103.83000183105469,4511.7001953125,31.81999969482422,99.34400177001953,159.11900329589844,6.814000129699707,18.06999969482422,25786.951171875
2026-05-19 16:00:00+00:00,1508.219970703125,76462.8671875,103.88999938964844,4508.7998046875,31.81999969482422,99.37300109863281,159.1439971923828,6.813899993896484,17.989999771118164,25834.99609375
2026-05-19 16:05:00+00:00,1508.760009765625,76348.3203125,103.88999938964844,4502.10009765625,31.674999237060547,99.36799621582031,159.09300231933594,6.813899993896484,18.079999923706055,25787.794921875
2026-05-19 16:10:00+00:00,1508.260009765625,76389.0390625,103.97000122070312,4504.39990234375,31.709999084472656,99.35199737548828,158.86900329589844,6.813899993896484,18.15999984741211,25779.96875
2026-05-19 16:15:00+00:00,1507.989990234375,76435.9921875,103.88999938964844,4504.0,31.770000457763672,99.35800170898438,158.9739990234375,6.813899993896484,18.040000915527344,25816.712890625
2026-05-19 16:45:00+00:00,1505.280029296875,76718.1796875,103.69000244140625,4509.39990234375,31.899999618530273,99.28900146484375,158.83599853515625,6.813899993896484,17.809999465942383,25915.595703125
2026-05-19 16:50:00+00:00,1507.7099609375,76801.140625,103.72000122070312,4509.0,31.940000534057617,99.27999877929688,158.81199645996094,6.813899993896484,17.770000457763672,25957.671875
2026-05-19 16:55:00+00:00,1506.719970703125,76819.9296875,103.70999908447266,4511.2001953125,31.934999465942383,99.28299713134766,158.8209991455078,6.813899993896484,17.780000686645508,25960.841796875
2026-05-19 17:00:00+00:00,1506.469970703125,76902.640625,103.81999969482422,4510.10009765625,31.94499969482422,99.26200103759766,158.81399536132812,6.813899993896484,17.780000686645508,25991.82421875
2026-05-19 17:05:00+00:00,1507.1199951171875,76832.2109375,104.0199966430664,4511.5,31.915000915527344,99.26699829101562,158.83399963378906,6.813899993896484,17.829999923706055,26000.931640625
2026-05-19 17:10:00+00:00,1505.510009765625,76890.4296875,103.93000030517578,4514.10009765625,32.0,99.24700164794922,158.81100463867188,6.813899993896484,17.84000015258789,26008.8359375
2026-05-19 17:15:00+00:00,1504.4200439453125,76943.609375,103.94000244140625,4511.5,32.0078010559082,99.25299835205078,158.81199645996094,6.813899993896484,17.93000030517578,26028.521484375
2026-05-19 18:00:00+00:00,1505.8699951171875,76761.1484375,103.3499984741211,4504.5,32.040000915527344,99.24199676513672,158.86599731445312,6.814499855041504,17.920000076293945,26014.22265625
2026-05-19 18:05:00+00:00,1505.199951171875,76850.25,103.23999786376953,4506.7998046875,32.060001373291016,99.23899841308594,158.87899780273438,6.814499855041504,17.899999618530273,26024.013671875
2026-05-19 18:10:00+00:00,1506.280029296875,76847.078125,103.16999816894531,4504.60009765625,32.06999969482422,99.2490005493164,158.89700317382812,6.814499855041504,17.889999389648438,26007.0859375
2026-05-19 18:15:00+00:00,1506.0999755859375,76878.2421875,103.3499984741211,4503.2001953125,32.00270080566406,99.25499725341797,158.9320068359375,6.814499855041504,17.93000030517578,25994.041015625
2026-05-19 19:35:00+00:00,1507.0400390625,76826.109375,104.44000244140625,4490.7998046875,31.899999618530273,99.29900360107422,159.00900268554688,6.813899993896484,18.09000015258789,25901.625
2026-05-19 19:40:00+00:00,1507.2900390625,76806.09375,104.41999816894531,4491.60009765625,31.885000228881836,99.28800201416016,158.9980010986328,6.813899993896484,18.1200008392334,25886.5078125
2026-05-19 19:45:00+00:00,1507.6400146484375,76781.53125,104.37999725341797,4489.89990234375,31.889999389648438,99.2959976196289,159.0050048828125,6.813899993896484,18.09000015258789,25874.90625
2026-05-19 19:50:00+00:00,1507.6800537109375,76740.9296875,104.30000305175781,4487.2998046875,31.860000610351562,99.31199645996094,159.03599548339844,6.813899993896484,18.15999984741211,25838.283203125
2026-05-19 20:00:00+00:00,1507.1199951171875,76752.046875,104.5199966430664,4486.10009765625,31.850000381469727,99.32499694824219,159.08099365234375,6.813899993896484,18.15999984741211,25874.17578125
2026-05-20 13:30:00+00:00,1505.780029296875,77169.4296875,101.9800033569336,4494.0,32.08000183105469,99.38300323486328,159.03799438476562,6.804299831390381,18.049999237060547,26030.451171875
2026-05-20 13:35:00+00:00,1506.25,77010.0,102.0,4488.10009765625,31.950000762939453,99.38099670410156,159.0590057373047,6.804299831390381,18.010000228881836,25957.017578125
2026-05-20 13:40:00+00:00,1506.9200439453125,77015.40625,101.95999908447266,4492.7998046875,32.021400451660156,99.38600158691406,159.05599975585938,6.804299831390381,17.8799991607666,26030.77734375
2026-05-20 13:45:00+00:00,1506.3800048828125,77110.0078125,101.87999725341797,4489.89990234375,32.0099983215332,99.39199829101562,159.06300354003906,6.803199768066406,17.90999984741211,26031.26953125
2026-05-20 13:50:00+00:00,1505.5799560546875,77061.53125,102.12000274658203,4488.39990234375,31.9950008392334,99.40499877929688,159.06199645996094,6.803299903869629,17.889999389648438,25976.494140625
2026-05-20 13:55:00+00:00,1506.1800537109375,77131.2578125,102.2699966430664,4485.7001953125,31.979299545288086,99.41500091552734,159.0989990234375,6.803400039672852,17.829999923706055,25998.419921875
2026-05-20 14:00:00+00:00,1506.780029296875,77124.171875,102.3499984741211,4483.89990234375,31.940000534057617,99.44100189208984,159.1300048828125,6.803500175476074,17.93000030517578,25980.083984375
2026-05-20 14:05:00+00:00,1505.97998046875,77070.3125,102.43000030517578,4478.39990234375,31.900100708007812,99.46800231933594,159.16000366210938,6.803500175476074,17.969999313354492,25970.919921875
2026-05-20 14:10:00+00:00,1506.47998046875,77028.0,101.7300033569336,4479.5,31.96500015258789,99.43299865722656,159.11599731445312,6.803500175476074,17.940000534057617,25992.50390625
2026-05-20 14:15:00+00:00,1501.52001953125,77377.7109375,100.16000366210938,4501.7998046875,32.13999938964844,99.23200225830078,158.94400024414062,6.803199768066406,17.700000762939453,26076.232421875
2026-05-20 14:20:00+00:00,1501.449951171875,77255.7265625,100.66999816894531,4505.2001953125,32.14820098876953,99.25800323486328,159.0070037841797,6.803199768066406,17.75,26052.150390625
2026-05-20 14:25:00+00:00,1500.969970703125,77325.140625,100.38999938964844,4509.5,32.19499969482422,99.23300170898438,158.9429931640625,6.80079984664917,17.670000076293945,26089.16015625
2026-05-20 14:30:00+00:00,1499.9200439453125,77306.3203125,99.91999816894531,4527.60009765625,32.2599983215332,99.19400024414062,158.9250030517578,6.80079984664917,17.6299991607666,26115.62109375
2026-05-20 14:35:00+00:00,1499.5799560546875,77211.0,100.5,4526.7998046875,32.310699462890625,99.2020034790039,158.86599731445312,6.800000190734863,17.700000762939453,26103.466796875
2026-05-20 14:40:00+00:00,1499.6800537109375,77318.078125,100.44999694824219,4523.7998046875,32.29999923706055,99.20099639892578,158.9149932861328,6.800000190734863,17.729999542236328,26113.75
2026-05-20 14:45:00+00:00,1499.27001953125,77340.0078125,100.63999938964844,4524.89990234375,32.290000915527344,99.197998046875,158.8820037841797,6.800000190734863,17.81999969482422,26100.14453125
2026-05-20 14:50:00+00:00,1496.3800048828125,77447.3515625,100.56999969482422,4533.0,32.45000076293945,99.14900207519531,158.8419952392578,6.800000190734863,17.770000457763672,26149.23046875
2026-05-20 14:55:00+00:00,1497.0799560546875,77371.6328125,100.48999786376953,4534.39990234375,32.57500076293945,99.16500091552734,158.87100219726562,6.80049991607666,17.729999542236328,26165.9140625
2026-05-20 15:00:00+00:00,1497.550048828125,77295.0,100.37999725341797,4533.7998046875,32.560001373291016,99.16999816894531,158.84500122070312,6.80049991607666,17.799999237060547,26141.498046875
2026-05-20 15:05:00+00:00,1497.9100341796875,77290.9921875,100.5999984741211,4529.7001953125,32.54499816894531,99.21199798583984,158.89599609375,6.80049991607666,17.829999923706055,26150.0078125
2026-05-20 15:10:00+00:00,1495.780029296875,77241.5234375,100.58000183105469,4527.7998046875,32.599998474121094,99.20800018310547,158.89500427246094,6.80049991607666,17.84000015258789,26151.20703125
2026-05-21 13:30:00+00:00,1510.280029296875,77138.0,102.29000091552734,4494.60009765625,32.415000915527344,99.4540023803711,159.23300170898438,6.803699970245361,17.719999313354492,26192.369140625
2026-05-21 13:35:00+00:00,1510.780029296875,76792.8203125,102.5,4492.89990234375,32.33000183105469,99.47699737548828,159.25900268554688,6.804500102996826,17.75,26122.408203125
2026-05-21 13:40:00+00:00,1511.6500244140625,76665.0,102.25,4498.7001953125,32.20000076293945,99.50800323486328,159.3249969482422,6.804500102996826,17.700000762939453,26137.8359375
2026-05-21 13:45:00+00:00,1510.3800048828125,76681.7421875,102.23999786376953,4500.7001953125,32.34000015258789,99.4739990234375,159.29600524902344,6.804500102996826,17.6200008392334,26109.96484375
2026-05-21 13:50:00+00:00,1507.47998046875,76985.90625,100.56999969482422,4519.5,32.61000061035156,99.36100006103516,159.1649932861328,6.803500175476074,17.389999389648438,26182.3515625
2026-05-21 13:55:00+00:00,1507.97998046875,77041.7265625,100.52999877929688,4513.7001953125,32.540000915527344,99.38600158691406,159.1999969482422,6.803100109100342,17.399999618530273,26177.318359375
2026-05-21 14:00:00+00:00,1507.3800048828125,77123.90625,100.87000274658203,4508.60009765625,32.45500183105469,99.39800262451172,159.20899963378906,6.803100109100342,17.3799991607666,26193.498046875
2026-05-21 14:05:00+00:00,1508.010009765625,77103.609375,101.0999984741211,4506.7998046875,32.43000030517578,99.41699981689453,159.2469940185547,6.802999973297119,17.389999389648438,26215.947265625
2026-05-21 14:10:00+00:00,1507.8800048828125,76999.28125,101.2300033569336,4509.5,32.4900016784668,99.41899871826172,159.218994140625,6.802999973297119,17.510000228881836,26183.59765625
2026-05-21 14:15:00+00:00,1508.6199951171875,76823.25,101.19000244140625,4503.2001953125,32.435001373291016,99.44300079345703,159.2270050048828,6.802999973297119,17.600000381469727,26089.525390625
2026-05-21 14:20:00+00:00,1508.800048828125,76841.9765625,100.80999755859375,4503.2001953125,32.38999938964844,99.44499969482422,159.22999572753906,6.803999900817871,17.700000762939453,26061.861328125
2026-05-21 14:25:00+00:00,1507.97998046875,76948.453125,100.58999633789062,4508.89990234375,32.474998474121094,99.42900085449219,159.2010040283203,6.803500175476074,17.6299991607666,26085.2734375
2026-05-21 14:30:00+00:00,1507.56005859375,77008.78125,100.63999938964844,4508.7998046875,32.5,99.4209976196289,159.1999969482422,6.803500175476074,17.6299991607666,26088.4375
2026-05-21 14:35:00+00:00,1507.530029296875,77035.1015625,100.62000274658203,4510.2998046875,32.494998931884766,99.40499877929688,159.1739959716797,6.803199768066406,17.540000915527344,26130.25
2026-05-21 14:40:00+00:00,1508.5,76902.8203125,101.08000183105469,4506.10009765625,32.41999816894531,99.41899871826172,159.18699645996094,6.803500175476074,17.610000610351562,26121.013671875
2026-05-21 14:45:00+00:00,1508.8800048828125,76864.6171875,101.08000183105469,4505.39990234375,32.43000030517578,99.4020004272461,159.16099548339844,6.803500175476074,17.6299991607666,26087.640625
2026-05-21 14:50:00+00:00,1507.93994140625,76905.4609375,101.30999755859375,4510.5,32.46500015258789,99.37000274658203,159.13499450683594,6.802999973297119,17.579999923706055,26118.21875
2026-05-21 14:55:00+00:00,1507.4100341796875,76892.0,101.3499984741211,4510.0,32.529998779296875,99.38800048828125,159.16000366210938,6.802000045776367,17.5,26132.615234375
2026-05-21 15:00:00+00:00,1508.47998046875,76976.109375,101.62999725341797,4505.89990234375,32.4900016784668,99.3949966430664,159.1719970703125,6.802000045776367,17.479999542236328,26117.5859375
2026-05-21 15:05:00+00:00,1509.760009765625,76892.7265625,101.98999786376953,4502.5,32.43000030517578,99.45500183105469,159.23599243164062,6.802000045776367,17.579999923706055,26072.611328125
2026-05-21 15:10:00+00:00,1508.5899658203125,77063.9296875,101.43000030517578,4511.2998046875,32.4827995300293,99.4260025024414,159.1790008544922,6.802000045776367,17.360000610351562,26134.8203125
2026-05-21 15:15:00+00:00,1507.47998046875,77132.65625,101.54000091552734,4509.7998046875,32.5,99.41899871826172,159.14500427246094,6.802000045776367,17.350000381469727,26141.88671875
2026-05-21 16:05:00+00:00,1508.52001953125,77244.640625,99.9000015258789,4521.39990234375,32.69499969482422,99.41100311279297,159.13999938964844,6.802499771118164,17.190000534057617,26199.54296875
2026-05-21 16:10:00+00:00,1509.47998046875,77196.140625,100.31999969482422,4518.60009765625,32.665000915527344,99.4209976196289,159.1490020751953,6.802000045776367,17.239999771118164,26169.294921875
2026-05-21 16:15:00+00:00,1507.0799560546875,77089.9765625,100.45999908447266,4520.0,32.67499923706055,99.39900207519531,159.1479949951172,6.802000045776367,17.260000228881836,26161.8203125
2026-05-21 16:20:00+00:00,1509.0799560546875,77080.796875,100.43000030517578,4518.2998046875,32.63999938964844,99.40399932861328,159.1699981689453,6.802000045776367,17.270000457763672,26144.234375
2026-05-21 16:25:00+00:00,1508.0400390625,77095.96875,100.41999816894531,4517.7998046875,32.70000076293945,99.38700103759766,159.14599609375,6.802000045776367,17.25,26145.111328125
2026-05-21 16:40:00+00:00,1507.489990234375,76974.0,100.19999694824219,4519.2998046875,32.7400016784668,99.375,159.14100646972656,6.802000045776367,17.200000762939453,26144.576171875
2026-05-21 16:45:00+00:00,1508.530029296875,76964.0,100.3499984741211,4518.5,32.720001220703125,99.38500213623047,159.1529998779297,6.802000045776367,17.239999771118164,26129.666015625
2026-05-21 16:50:00+00:00,1508.3299560546875,77028.0,100.23999786376953,4518.60009765625,32.709999084472656,99.3740005493164,159.13699340820312,6.802000045776367,17.18000030517578,26133.794921875
2026-05-21 16:55:00+00:00,1508.3199462890625,77110.2578125,100.01000213623047,4520.7001953125,32.724998474121094,99.37200164794922,159.14300537109375,6.802000045776367,17.1200008392334,26152.501953125
2026-05-21 17:25:00+00:00,1502.0799560546875,77900.0,98.4800033569336,4543.39990234375,32.994998931884766,99.19000244140625,158.947998046875,6.802000045776367,16.920000076293945,26285.02734375
2026-05-21 17:30:00+00:00,1501.989990234375,77858.0,98.4000015258789,4544.2001953125,33.0099983215332,99.19100189208984,158.9709930419922,6.802000045776367,16.940000534057617,26302.5
2026-05-21 17:35:00+00:00,1501.6700439453125,77879.359375,98.16000366210938,4544.2998046875,33.06999969482422,99.18099975585938,158.9429931640625,6.802000045776367,16.989999771118164,26319.50390625
2026-05-21 17:40:00+00:00,1501.530029296875,77826.0234375,97.29000091552734,4550.0,33.130001068115234,99.1500015258789,158.88999938964844,6.802000045776367,17.0,26347.890625
2026-05-21 18:45:00+00:00,1501.6500244140625,77454.8828125,97.27999877929688,4539.5,33.060001373291016,99.19999694824219,158.99000549316406,6.802000045776367,17.0,26281.884765625
2026-05-21 18:50:00+00:00,1504.4200439453125,77225.921875,98.16999816894531,4528.89990234375,32.880001068115234,99.27100372314453,159.08599853515625,6.802000045776367,17.260000228881836,26201.96484375
2026-05-21 18:55:00+00:00,1505.31005859375,77310.046875,98.01000213623047,4533.7001953125,32.880001068115234,99.25700378417969,159.072998046875,6.802000045776367,17.170000076293945,26217.080078125
2026-05-21 19:00:00+00:00,1504.239990234375,77327.953125,97.62000274658203,4537.2001953125,33.0,99.21800231933594,159.03399658203125,6.802000045776367,17.010000228881836,26250.451171875
2026-05-21 19:50:00+00:00,1503.4100341796875,77638.6328125,97.9800033569336,4537.39990234375,33.04999923706055,99.20700073242188,158.95899963378906,6.802000045776367,16.729999542236328,26272.15234375
2026-05-21 19:55:00+00:00,1502.550048828125,77601.5625,97.31999969482422,4544.10009765625,33.220001220703125,99.16699981689453,158.91000366210938,6.802000045776367,16.68000030517578,26296.181640625
2026-05-21 20:00:00+00:00,1503.050048828125,77601.4296875,97.45999908447266,4542.89990234375,33.220001220703125,99.1760025024414,158.93800354003906,6.802000045776367,16.729999542236328,26296.181640625
2026-05-22 13:30:00+00:00,1514.7099609375,77103.1796875,96.87000274658203,4523.5,33.6349983215332,99.25399780273438,159.0500030517578,6.791999816894531,16.809999465942383,26450.712890625
2026-05-22 13:35:00+00:00,1514.280029296875,77146.6796875,96.70999908447266,4520.2998046875,33.56999969482422,99.26899719238281,159.07699584960938,6.792500019073486,16.75,26486.611328125
2026-05-22 13:40:00+00:00,1514.5400390625,77083.796875,97.25,4518.39990234375,33.560001373291016,99.28399658203125,159.0850067138672,6.792500019073486,16.920000076293945,26436.5546875
2026-05-22 13:45:00+00:00,1515.9599609375,77126.8515625,97.7300033569336,4511.60009765625,33.41999816894531,99.31600189208984,159.1199951171875,6.792500019073486,16.90999984741211,26427.91015625
2026-05-22 13:50:00+00:00,1515.22998046875,77144.2109375,97.97000122070312,4517.60009765625,33.45000076293945,99.28399658203125,159.10299682617188,6.792500019073486,16.889999389648438,26426.607421875
2026-05-22 13:55:00+00:00,1515.780029296875,77196.0390625,97.7699966430664,4514.5,33.4900016784668,99.29199981689453,159.08700561523438,6.792500019073486,16.84000015258789,26433.970703125
2026-05-22 14:05:00+00:00,1516.6500244140625,77008.0078125,97.76000213623047,4510.60009765625,33.279998779296875,99.35600280761719,159.1300048828125,6.792500019073486,16.84000015258789,26372.0390625
2026-05-22 14:10:00+00:00,1516.93994140625,76973.703125,97.87000274658203,4498.0,33.19499969482422,99.39800262451172,159.16099548339844,6.792500019073486,16.8799991607666,26367.943359375
2026-05-22 14:15:00+00:00,1516.3699951171875,76833.296875,97.66000366210938,4498.2998046875,33.244998931884766,99.39600372314453,159.15499877929688,6.792500019073486,16.8799991607666,26355.720703125
2026-05-22 14:20:00+00:00,1516.739990234375,76737.1484375,97.68000030517578,4495.0,33.220001220703125,99.38800048828125,159.15899658203125,6.792500019073486,16.8799991607666,26325.896484375
2026-05-22 14:25:00+00:00,1516.3599853515625,76759.1796875,97.54000091552734,4499.10009765625,33.22999954223633,99.36000061035156,159.14999389648438,6.792500019073486,16.770000457763672,26360.306640625
2026-05-22 14:30:00+00:00,1515.68994140625,76732.0234375,97.41999816894531,4501.10009765625,33.26499938964844,99.33300018310547,159.13600158691406,6.792500019073486,16.690000534057617,26387.447265625
2026-05-22 14:35:00+00:00,1516.1400146484375,76717.40625,97.69999694824219,4500.7998046875,33.150001525878906,99.36100006103516,159.14300537109375,6.792500019073486,16.670000076293945,26396.37890625
2026-05-22 14:40:00+00:00,1515.9000244140625,76725.171875,97.55000305175781,4505.10009765625,33.12030029296875,99.3290023803711,159.13299560546875,6.792500019073486,16.649999618530273,26418.259765625
2026-05-22 14:50:00+00:00,1517.0799560546875,76690.8125,97.52999877929688,4504.5,33.209999084472656,99.34100341796875,159.11199951171875,6.792500019073486,16.65999984741211,26413.541015625
2026-05-22 14:55:00+00:00,1517.219970703125,76674.890625,97.56999969482422,4501.39990234375,33.19499969482422,99.34300231933594,159.1009979248047,6.792500019073486,16.610000610351562,26427.65234375
2026-05-22 15:00:00+00:00,1516.6600341796875,76741.9765625,97.68000030517578,4506.5,33.20899963378906,99.32099914550781,159.0919952392578,6.792500019073486,16.6200008392334,26448.01171875
2026-05-22 15:05:00+00:00,1517.199951171875,76791.328125,97.81999969482422,4511.89990234375,33.220001220703125,99.32099914550781,159.10800170898438,6.79449987411499,16.610000610351562,26461.546875
2026-05-22 15:10:00+00:00,1516.8800048828125,76686.609375,97.72000122070312,4511.60009765625,33.22999954223633,99.30699920654297,159.10899353027344,6.79449987411499,16.610000610351562,26460.970703125
2026-05-22 15:15:00+00:00,1516.43994140625,76760.296875,97.66999816894531,4516.5,33.29999923706055,99.30899810791016,159.11700439453125,6.79449987411499,16.579999923706055,26473.13671875
2026-05-22 15:20:00+00:00,1516.1800537109375,76532.21875,97.7300033569336,4514.7998046875,33.27000045776367,99.32499694824219,159.1280059814453,6.79449987411499,16.6200008392334,26457.615234375
2026-05-22 15:30:00+00:00,1516.47998046875,76832.0078125,97.18000030517578,4520.0,33.26499938964844,99.32499694824219,159.16400146484375,6.794000148773193,16.600000381469727,26468.421875
2026-05-22 15:35:00+00:00,1516.6800537109375,76617.140625,97.05000305175781,4521.2998046875,33.290000915527344,99.33200073242188,159.17300415039062,6.794000148773193,16.6299991607666,26462.001953125
2026-05-22 15:40:00+00:00,1516.06005859375,76621.3203125,96.93000030517578,4518.7998046875,33.349998474121094,99.322998046875,159.18800354003906,6.794000148773193,16.600000381469727,26463.166015625
2026-05-22 15:45:00+00:00,1516.5400390625,76621.328125,97.0199966430664,4515.7001953125,33.369998931884766,99.32099914550781,159.18800354003906,6.794000148773193,16.610000610351562,26436.59765625
2026-05-22 15:50:00+00:00,1516.300048828125,76706.0234375,96.87000274658203,4517.60009765625,33.36119842529297,99.31199645996094,159.21200561523438,6.794000148773193,16.6200008392334,26463.283203125
2026-05-22 19:05:00+00:00,1517.27001953125,76150.078125,96.70999908447266,4510.7001953125,33.5,99.26200103759766,159.1320037841797,6.79449987411499,16.670000076293945,26376.8515625
2026-05-22 19:10:00+00:00,1516.949951171875,76143.7734375,96.80000305175781,4509.0,33.494998931884766,99.26799774169922,159.13600158691406,6.79449987411499,16.700000762939453,26364.9453125
2026-05-22 19:15:00+00:00,1517.1199951171875,76259.9921875,96.5999984741211,4510.89990234375,33.5099983215332,99.25599670410156,159.1179962158203,6.79449987411499,16.68000030517578,26361.650390625
2026-05-22 19:20:00+00:00,1517.0999755859375,76269.7578125,96.63999938964844,4509.2998046875,33.509300231933594,99.25499725341797,159.1199951171875,6.79449987411499,16.739999771118164,26350.091796875
2026-05-22 19:50:00+00:00,1519.18994140625,75773.9921875,96.45999908447266,4509.2001953125,33.59000015258789,99.28600311279297,159.14199829101562,6.794000148773193,16.850000381469727,26331.736328125
2026-05-22 19:55:00+00:00,1519.9000244140625,75756.03125,96.27999877929688,4510.0,33.689998626708984,99.29000091552734,159.1580047607422,6.794000148773193,16.809999465942383,26346.2734375
2026-05-22 20:00:00+00:00,1519.43994140625,75787.2265625,96.44000244140625,4507.7998046875,33.689998626708984,99.29299926757812,159.15499877929688,6.794000148773193,16.770000457763672,26346.2734375
2026-05-23 13:30:00+00:00,1519.43994140625,74869.8828125,96.44000244140625,4507.7998046875,33.689998626708984,99.29299926757812,159.15499877929688,6.794000148773193,16.770000457763672,26346.2734375
2026-05-26 13:35:00+00:00,1504.6400146484375,76755.9375,93.11000061035156,4525.2001953125,34.47999954223633,99.13899993896484,159.2570037841797,6.78410005569458,16.84000015258789,26539.078125
2026-05-26 13:40:00+00:00,1504.1600341796875,76805.6171875,93.13999938964844,4528.0,34.439998626708984,99.13999938964844,159.2570037841797,6.78410005569458,16.760000228881836,26589.318359375
2026-05-26 13:45:00+00:00,1503.949951171875,77281.671875,93.37000274658203,4526.7998046875,34.349998474121094,99.1240005493164,159.26600646972656,6.78410005569458,16.790000915527344,26635.310546875
2026-05-26 13:50:00+00:00,1505.280029296875,77093.890625,94.1500015258789,4515.89990234375,34.2599983215332,99.19300079345703,159.28599548339844,6.78410005569458,16.899999618530273,26604.1796875
2026-05-26 13:55:00+00:00,1504.1800537109375,77134.1875,94.19999694824219,4514.60009765625,34.290000915527344,99.16000366210938,159.2740020751953,6.78410005569458,16.860000610351562,26630.97265625
2026-05-26 14:00:00+00:00,1503.8800048828125,77097.921875,94.08000183105469,4518.2001953125,34.34000015258789,99.14399719238281,159.26499938964844,6.784800052642822,16.809999465942383,26651.65625
2026-05-26 14:05:00+00:00,1504.3599853515625,77158.1875,93.80999755859375,4516.2998046875,34.3849983215332,99.15799713134766,159.26800537109375,6.784800052642822,16.81999969482422,26662.1015625
2026-05-26 14:10:00+00:00,1503.97998046875,77327.640625,93.83000183105469,4511.2001953125,34.310001373291016,99.15899658203125,159.26699829101562,6.784800052642822,16.8799991607666,26689.734375
2026-05-26 14:15:00+00:00,1502.719970703125,77462.0390625,93.94999694824219,4514.89990234375,34.34000015258789,99.16999816894531,159.27699279785156,6.784800052642822,16.889999389648438,26695.322265625
2026-05-26 14:20:00+00:00,1503.7099609375,77704.0078125,93.81999969482422,4516.60009765625,34.39500045776367,99.16000366210938,159.25900268554688,6.785099983215332,16.90999984741211,26698.0078125
2026-05-26 14:25:00+00:00,1503.3800048828125,77872.5234375,93.81999969482422,4518.10009765625,34.3650016784668,99.16300201416016,159.25799560546875,6.785099983215332,16.93000030517578,26706.392578125
2026-05-26 14:30:00+00:00,1503.3800048828125,77461.0078125,93.62000274658203,4518.10009765625,34.380001068115234,99.1520004272461,159.25100708007812,6.785099983215332,16.979999542236328,26698.310546875
2026-05-26 14:35:00+00:00,1503.47998046875,76835.7890625,93.6500015258789,4523.10009765625,34.349998474121094,99.15299987792969,159.2570037841797,6.784299850463867,16.93000030517578,26711.380859375
2026-05-26 14:40:00+00:00,1503.0799560546875,76719.1015625,93.75,4522.0,34.36140060424805,99.15299987792969,159.2469940185547,6.783899784088135,16.899999618530273,26713.927734375
2026-05-26 14:45:00+00:00,1503.1199951171875,76865.9609375,93.63999938964844,4519.89990234375,34.36140060424805,99.14600372314453,159.25900268554688,6.783899784088135,16.889999389648438,26697.560546875
2026-05-26 14:50:00+00:00,1503.780029296875,76986.453125,94.11000061035156,4516.2998046875,34.3650016784668,99.16400146484375,159.2779998779297,6.783899784088135,16.84000015258789,26687.578125
2026-05-26 14:55:00+00:00,1504.3499755859375,76806.3203125,94.19000244140625,4515.60009765625,34.2599983215332,99.17900085449219,159.31900024414062,6.784299850463867,16.809999465942383,26671.59375
2026-05-26 15:00:00+00:00,1505.030029296875,76756.0,94.31999969482422,4511.7001953125,34.24100112915039,99.2020034790039,159.32200622558594,6.7845001220703125,16.829999923706055,26649.98828125
2026-05-26 15:05:00+00:00,1505.0699462890625,76776.9921875,94.36000061035156,4511.10009765625,34.25,99.21199798583984,159.3249969482422,6.784599781036377,16.799999237060547,26652.669921875
2026-05-26 15:10:00+00:00,1505.0799560546875,76862.5078125,94.27999877929688,4509.7001953125,34.2599983215332,99.1989974975586,159.31100463867188,6.784599781036377,16.780000686645508,26649.20703125
2026-05-26 15:15:00+00:00,1505.27001953125,76745.4375,94.19999694824219,4508.2998046875,34.27000045776367,99.22699737548828,159.33700561523438,6.7846999168396,16.780000686645508,26643.53125
2026-05-26 15:20:00+00:00,1505.4599609375,76605.1796875,94.33999633789062,4506.5,34.2400016784668,99.24299621582031,159.3470001220703,6.784900188446045,16.809999465942383,26626.068359375
2026-05-26 15:25:00+00:00,1504.8800048828125,76546.546875,94.63999938964844,4506.2001953125,34.21989822387695,99.22000122070312,159.34100341796875,6.785299777984619,16.860000610351562,26614.6953125
2026-05-26 15:30:00+00:00,1505.8800048828125,76330.2265625,94.2699966430664,4505.7998046875,34.18000030517578,99.2300033569336,159.33099365234375,6.785399913787842,16.809999465942383,26611.6875
2026-05-26 15:35:00+00:00,1507.0799560546875,76340.0078125,94.19999694824219,4507.7001953125,34.16999816894531,99.23799896240234,159.3560028076172,6.7855000495910645,16.809999465942383,26605.3046875
2026-05-26 15:40:00+00:00,1506.510009765625,76421.9765625,94.06999969482422,4508.7001953125,34.19101333618164,99.22699737548828,159.35699462890625,6.7855000495910645,16.950000762939453,26587.896484375
2026-05-26 15:45:00+00:00,1506.5699462890625,76325.1015625,93.83000183105469,4507.0,34.20500183105469,99.22200012207031,159.3509979248047,6.7855000495910645,17.049999237060547,26567.53125
2026-05-26 15:50:00+00:00,1506.6199951171875,76183.25,93.87999725341797,4510.10009765625,34.2400016784668,99.22200012207031,159.3560028076172,6.7855000495910645,17.149999618530273,26536.794921875
2026-05-26 15:55:00+00:00,1506.449951171875,76396.7421875,93.9000015258789,4506.7001953125,34.23500061035156,99.2300033569336,159.35699462890625,6.7855000495910645,17.149999618530273,26547.6953125
2026-05-26 16:00:00+00:00,1506.260009765625,76362.2421875,93.93000030517578,4506.2998046875,34.21030044555664,99.21700286865234,159.33200073242188,6.7855000495910645,17.1200008392334,26572.912109375
2026-05-26 17:05:00+00:00,1507.1600341796875,76447.7890625,94.0,4504.5,34.18000030517578,99.18800354003906,159.28900146484375,6.7855000495910645,17.1200008392334,26580.220703125
2026-05-26 17:10:00+00:00,1506.77001953125,76380.0,93.95999908447266,4503.7998046875,34.1349983215332,99.17500305175781,159.29200744628906,6.7855000495910645,17.100000381469727,26584.029296875
2026-05-26 17:15:00+00:00,1507.219970703125,76224.0,94.0,4504.5,34.119998931884766,99.17500305175781,159.29800415039062,6.7855000495910645,17.15999984741211,26567.060546875
2026-05-26 17:20:00+00:00,1507.199951171875,76076.0,93.94999694824219,4506.89990234375,34.02000045776367,99.18499755859375,159.30499267578125,6.7855000495910645,17.190000534057617,26559.056640625
2026-05-26 17:45:00+00:00,1507.6600341796875,76002.140625,93.87000274658203,4500.2998046875,34.08000183105469,99.20999908447266,159.3459930419922,6.7855000495910645,17.059999465942383,26587.935546875
2026-05-26 17:50:00+00:00,1507.260009765625,75914.90625,93.81999969482422,4496.2998046875,34.095001220703125,99.21199798583984,159.36300659179688,6.7855000495910645,17.06999969482422,26586.203125
2026-05-26 17:55:00+00:00,1507.22998046875,75816.7421875,93.73999786376953,4490.0,34.099998474121094,99.20700073242188,159.35800170898438,6.7855000495910645,17.059999465942383,26579.78515625
2026-05-26 18:00:00+00:00,1507.18994140625,75874.0390625,93.98999786376953,4487.0,34.051300048828125,99.20500183105469,159.35800170898438,6.7855000495910645,17.040000915527344,26587.08984375
2026-05-26 18:10:00+00:00,1507.1800537109375,75893.3984375,93.80000305175781,4486.60009765625,34.095001220703125,99.19200134277344,159.34300231933594,6.785999774932861,16.969999313354492,26605.76171875
2026-05-26 18:15:00+00:00,1507.02001953125,75993.390625,93.69000244140625,4489.7998046875,34.1150016784668,99.18900299072266,159.33799743652344,6.785999774932861,16.940000534057617,26624.5
2026-05-26 18:20:00+00:00,1506.8399658203125,76115.1171875,93.83999633789062,4491.89990234375,34.119998931884766,99.19000244140625,159.33099365234375,6.785999774932861,16.940000534057617,26622.318359375
2026-05-26 18:25:00+00:00,1507.3299560546875,75966.53125,93.88999938964844,4495.10009765625,34.161800384521484,99.18499755859375,159.3249969482422,6.785999774932861,16.959999084472656,26618.703125
2026-05-27 13:30:00+00:00,1496.6199951171875,75102.40625,89.47000122070312,4454.39990234375,34.459999084472656,99.072998046875,159.40699768066406,6.778299808502197,16.920000076293945,26682.2890625
2026-05-27 13:35:00+00:00,1496.280029296875,74803.578125,89.72000122070312,4448.7998046875,34.47999954223633,99.09200286865234,159.41600036621094,6.77839994430542,16.969999313354492,26659.685546875
2026-05-27 13:40:00+00:00,1497.1800537109375,74781.46875,89.68000030517578,4450.0,34.529998779296875,99.09600067138672,159.406005859375,6.778299808502197,17.06999969482422,26582.17578125
2026-05-27 13:45:00+00:00,1497.1300048828125,74757.15625,89.54000091552734,4451.60009765625,34.595001220703125,99.09200286865234,159.39999389648438,6.778299808502197,17.049999237060547,26598.25390625
2026-05-27 13:50:00+00:00,1496.1199951171875,74832.65625,89.73999786376953,4456.60009765625,34.56999969482422,99.10800170898438,159.39700317382812,6.778299808502197,16.959999084472656,26621.3515625
2026-05-27 13:55:00+00:00,1495.969970703125,74915.7421875,89.80000305175781,4458.2001953125,34.57099914550781,99.09200286865234,159.38400268554688,6.778500080108643,16.950000762939453,26663.42578125
2026-05-27 14:00:00+00:00,1495.4300537109375,75062.6796875,89.66999816894531,4469.5,34.625,99.11199951171875,159.38699340820312,6.778500080108643,16.850000381469727,26696.38671875
2026-05-27 14:05:00+00:00,1496.280029296875,74861.359375,89.80999755859375,4475.5,34.61000061035156,99.0989990234375,159.39999389648438,6.778299808502197,16.920000076293945,26644.1171875
2026-05-27 14:10:00+00:00,1495.510009765625,74844.0,89.91999816894531,4479.0,34.59000015258789,99.0469970703125,159.38099670410156,6.778299808502197,16.889999389648438,26648.693359375
2026-05-27 14:15:00+00:00,1495.2900390625,75003.40625,89.55000305175781,4482.5,34.650001525878906,99.0250015258789,159.38299560546875,6.777699947357178,16.8799991607666,26662.912109375
2026-05-27 14:20:00+00:00,1497.280029296875,74738.03125,90.12999725341797,4475.5,34.505001068115234,99.08000183105469,159.39999389648438,6.777699947357178,16.950000762939453,26606.294921875
2026-05-27 14:25:00+00:00,1496.280029296875,74728.7421875,89.56999969482422,4476.89990234375,34.564998626708984,99.04900360107422,159.38699340820312,6.777699947357178,16.989999771118164,26575.234375
2026-05-27 14:30:00+00:00,1496.47998046875,74859.0,89.93000030517578,4472.2998046875,34.380001068115234,99.0780029296875,159.42999267578125,6.777699947357178,16.920000076293945,26600.779296875
2026-05-27 14:35:00+00:00,1495.8599853515625,74945.8984375,90.16000366210938,4475.5,34.470001220703125,99.05000305175781,159.4199981689453,6.777699947357178,16.8700008392334,26639.19140625
2026-05-27 14:40:00+00:00,1496.0400390625,74929.6484375,90.72000122070312,4474.5,34.44499969482422,99.052001953125,159.41700744628906,6.777699947357178,16.940000534057617,26634.357421875
2026-05-27 14:45:00+00:00,1495.8900146484375,74884.078125,90.69000244140625,4469.39990234375,34.459999084472656,99.08499908447266,159.46400451660156,6.777699947357178,16.950000762939453,26619.4375
2026-05-27 14:50:00+00:00,1496.3199462890625,74961.171875,90.87999725341797,4471.2998046875,34.474998474121094,99.16100311279297,159.48699951171875,6.777699947357178,16.93000030517578,26634.078125
2026-05-27 14:55:00+00:00,1497.02001953125,74885.9375,90.80999755859375,4465.60009765625,34.4900016784668,99.24199676513672,159.5070037841797,6.777699947357178,16.979999542236328,26587.724609375
2026-05-27 15:00:00+00:00,1496.97998046875,74902.8203125,90.70999908447266,4467.7998046875,34.51499938964844,99.197998046875,159.48399353027344,6.778299808502197,16.989999771118164,26593.76953125
2026-05-27 15:05:00+00:00,1496.1700439453125,74961.1796875,91.08000183105469,4461.0,34.48500061035156,99.18699645996094,159.4600067138672,6.77810001373291,16.959999084472656,26609.52734375
2026-05-27 15:10:00+00:00,1496.47998046875,74991.4296875,90.79000091552734,4463.39990234375,34.51499938964844,99.17400360107422,159.45899963378906,6.77810001373291,16.920000076293945,26608.98046875
2026-05-27 15:15:00+00:00,1497.550048828125,75072.0,90.79000091552734,4462.2998046875,34.48500061035156,99.18599700927734,159.48300170898438,6.778299808502197,16.969999313354492,26570.435546875
2026-05-27 15:20:00+00:00,1497.97998046875,75254.8984375,90.83999633789062,4465.0,34.540000915527344,99.18900299072266,159.48199462890625,6.778299808502197,16.969999313354492,26581.287109375
2026-05-27 15:25:00+00:00,1497.9000244140625,75221.84375,90.62000274658203,4467.60009765625,34.54999923706055,99.17400360107422,159.4709930419922,6.778299808502197,16.940000534057617,26599.9375
2026-05-27 15:30:00+00:00,1497.7900390625,75267.3515625,90.1500015258789,4470.10009765625,34.6150016784668,99.15599822998047,159.43600463867188,6.778299808502197,16.889999389648438,26617.126953125
2026-05-27 16:40:00+00:00,1498.2900390625,75010.6328125,89.61000061035156,4482.2998046875,34.47999954223633,99.18900299072266,159.4949951171875,6.778299808502197,16.670000076293945,26668.810546875
2026-05-27 16:45:00+00:00,1497.7900390625,75063.5703125,89.7300033569336,4483.7998046875,34.48500061035156,99.18099975585938,159.4929962158203,6.778299808502197,16.65999984741211,26682.318359375
2026-05-27 16:50:00+00:00,1498.5799560546875,75141.9921875,89.7300033569336,4482.39990234375,34.459999084472656,99.18599700927734,159.48899841308594,6.778299808502197,16.690000534057617,26648.90234375
2026-05-27 16:55:00+00:00,1498.7099609375,75169.90625,89.87999725341797,4482.39990234375,34.41999816894531,99.18099975585938,159.49400329589844,6.778299808502197,16.729999542236328,26637.98828125
2026-05-27 17:00:00+00:00,1499.4000244140625,75190.0,89.9000015258789,4480.60009765625,34.39509963989258,99.19499969482422,159.5070037841797,6.778299808502197,16.75,26625.93359375
2026-05-27 17:55:00+00:00,1499.510009765625,74713.03125,89.5199966430664,4481.89990234375,34.400001525878906,99.21900177001953,159.51800537109375,6.778800010681152,16.649999618530273,26621.837890625
2026-05-27 18:00:00+00:00,1500.449951171875,74714.640625,89.41000366210938,4481.0,34.375,99.24099731445312,159.54299926757812,6.778800010681152,16.709999084472656,26628.1484375
2026-05-27 18:05:00+00:00,1499.6500244140625,74635.6875,89.37999725341797,4479.2998046875,34.39500045776367,99.24199676513672,159.53500366210938,6.778800010681152,16.65999984741211,26642.552734375
2026-05-27 18:10:00+00:00,1499.56005859375,74574.7421875,89.3499984741211,4481.39990234375,34.38999938964844,99.24600219726562,159.54200744628906,6.778800010681152,16.6200008392334,26645.625
2026-05-27 19:35:00+00:00,1499.6199951171875,74902.0,89.3499984741211,4486.5,34.470001220703125,99.19100189208984,159.51300048828125,6.778299808502197,16.420000076293945,26685.0234375
2026-05-27 19:40:00+00:00,1500.5400390625,74863.9921875,89.4000015258789,4485.5,34.4900016784668,99.20700073242188,159.5240020751953,6.778299808502197,16.40999984741211,26690.220703125
2026-05-27 19:45:00+00:00,1499.9599609375,74817.609375,89.44999694824219,4483.7998046875,34.47999954223633,99.20999908447266,159.52999877929688,6.778299808502197,16.43000030517578,26678.03125
2026-05-27 19:50:00+00:00,1500.4100341796875,74913.2890625,89.52999877929688,4483.10009765625,34.45500183105469,99.22000122070312,159.5399932861328,6.778299808502197,16.3799991607666,26661.798828125
2026-05-27 19:55:00+00:00,1500.6500244140625,74907.9609375,89.44000244140625,4483.0,34.439998626708984,99.20899963378906,159.54100036621094,6.778299808502197,16.329999923706055,26676.603515625
2026-05-27 20:00:00+00:00,1501.0,75018.15625,89.37000274658203,4484.5,34.439998626708984,99.19100189208984,159.51600646972656,6.778299808502197,16.31999969482422,26676.603515625
2026-05-28 13:30:00+00:00,1502.1400146484375,72815.0,91.05999755859375,4449.10009765625,34.5099983215332,99.18800354003906,159.40499877929688,6.778299808502197,16.479999542236328,26632.19140625
2026-05-28 13:55:00+00:00,1501.0799560546875,72880.0390625,90.83000183105469,4460.60009765625,34.50130081176758,99.2229995727539,159.4429931640625,6.779099941253662,16.18000030517578,26654.80078125
2026-05-28 14:00:00+00:00,1500.47998046875,72742.578125,91.01000213623047,4454.89990234375,34.470001220703125,99.23300170898438,159.4709930419922,6.779099941253662,16.190000534057617,26672.298828125
2026-05-28 14:05:00+00:00,1500.489990234375,72726.53125,90.80000305175781,4469.10009765625,34.51499938964844,99.23200225830078,159.45599365234375,6.779099941253662,16.149999618530273,26685.35546875
2026-05-28 14:10:00+00:00,1495.0799560546875,73184.34375,88.44000244140625,4495.2001953125,34.94499969482422,99.06500244140625,159.2760009765625,6.779099941253662,15.979999542236328,26782.193359375
2026-05-28 14:15:00+00:00,1494.47998046875,73338.0,88.76000213623047,4494.7001953125,34.849998474121094,99.03099822998047,159.2550048828125,6.779099941253662,16.09000015258789,26778.01171875
2026-05-28 15:10:00+00:00,1494.469970703125,72726.0625,89.69000244140625,4501.60009765625,34.79069900512695,99.00199890136719,159.19500732421875,6.7795000076293945,16.0,26808.525390625
2026-05-28 15:15:00+00:00,1494.530029296875,72620.7421875,89.80000305175781,4502.7001953125,34.79499816894531,99.01300048828125,159.21600341796875,6.7795000076293945,15.979999542236328,26815.484375
2026-05-28 15:20:00+00:00,1494.780029296875,72719.9765625,89.80999755859375,4506.39990234375,34.779998779296875,99.01100158691406,159.218994140625,6.7795000076293945,15.949999809265137,26830.6796875
2026-05-28 15:25:00+00:00,1494.3499755859375,72820.75,89.77999877929688,4507.10009765625,34.775001525878906,99.00900268554688,159.21200561523438,6.7795000076293945,15.9399995803833,26843.86328125
2026-05-28 16:05:00+00:00,1495.699951171875,72749.8203125,89.88999938964844,4512.0,34.785400390625,99.02899932861328,159.2830047607422,6.779099941253662,15.90999984741211,26845.939453125
2026-05-28 16:10:00+00:00,1495.9300537109375,72954.0,89.5999984741211,4514.89990234375,34.779998779296875,99.0260009765625,159.27200317382812,6.779099941253662,15.920000076293945,26850.06640625
2026-05-28 16:15:00+00:00,1495.25,72994.0703125,89.1500015258789,4527.89990234375,34.814998626708984,99.0,159.22500610351562,6.779099941253662,15.899999618530273,26871.982421875
2026-05-28 16:20:00+00:00,1493.8800048828125,73115.8125,88.91999816894531,4532.89990234375,34.91999816894531,98.95500183105469,159.14999389648438,6.779099941253662,15.869999885559082,26885.826171875
2026-05-28 19:00:00+00:00,1494.8299560546875,73423.9296875,89.22000122070312,4532.7001953125,34.900001525878906,99.02100372314453,159.2760009765625,6.779099941253662,15.619999885559082,26909.591796875
2026-05-28 19:05:00+00:00,1493.9100341796875,73377.9921875,89.19000244140625,4529.60009765625,34.87070083618164,99.02899932861328,159.27999877929688,6.779099941253662,15.619999885559082,26909.126953125
2026-05-28 19:10:00+00:00,1495.1099853515625,73358.7578125,89.13999938964844,4530.5,34.900001525878906,99.0260009765625,159.27200317382812,6.779099941253662,15.640000343322754,26900.54296875
2026-05-28 19:15:00+00:00,1493.9300537109375,73374.4765625,89.16999816894531,4531.7001953125,34.91999816894531,99.01699829101562,159.26600646972656,6.779099941253662,15.640000343322754,26898.255859375
2026-05-29 13:35:00+00:00,1505.989990234375,73102.6015625,87.55000305175781,4562.2001953125,34.970001220703125,99.01000213623047,159.2899932861328,6.765999794006348,15.6899995803833,27004.2265625
2026-05-29 13:40:00+00:00,1506.0400390625,73138.0234375,87.23999786376953,4563.7998046875,34.95000076293945,99.00700378417969,159.2729949951172,6.765999794006348,15.600000381469727,27058.6796875
2026-05-29 13:45:00+00:00,1505.739990234375,73094.8828125,87.27999877929688,4566.39990234375,34.850101470947266,99.01499938964844,159.27200317382812,6.765999794006348,15.600000381469727,27065.6328125
2026-05-29 13:50:00+00:00,1505.8800048828125,72997.7734375,87.47000122070312,4569.10009765625,34.904998779296875,99.03099822998047,159.28900146484375,6.765999794006348,15.579999923706055,27066.587890625
2026-05-29 13:55:00+00:00,1505.3800048828125,73012.4765625,87.69000244140625,4567.2998046875,34.8650016784668,99.03500366210938,159.302001953125,6.765999794006348,15.600000381469727,27073.69921875
2026-05-29 14:00:00+00:00,1505.030029296875,73048.2578125,88.06999969482422,4578.89990234375,34.95100021362305,99.02300262451172,159.27999877929688,6.765699863433838,15.619999885559082,27073.953125
2026-05-29 14:05:00+00:00,1504.8900146484375,72830.7578125,88.31999969482422,4582.2001953125,34.95500183105469,99.01200103759766,159.2740020751953,6.765699863433838,15.600000381469727,27043.25390625
2026-05-29 14:10:00+00:00,1504.4000244140625,72890.28125,88.20999908447266,4575.0,34.93000030517578,99.0510025024414,159.322998046875,6.765699863433838,15.59000015258789,27016.048828125
2026-05-29 14:15:00+00:00,1504.68994140625,72670.0234375,88.11000061035156,4569.10009765625,34.939998626708984,99.06900024414062,159.33999633789062,6.765699863433838,15.649999618530273,26978.080078125
2026-05-29 14:35:00+00:00,1504.68994140625,72571.96875,88.83999633789062,4562.7001953125,34.91999816894531,99.08000183105469,159.33900451660156,6.765699863433838,15.680000305175781,26919.8984375
2026-05-29 14:40:00+00:00,1504.780029296875,72520.1171875,88.66999816894531,4571.2998046875,34.97999954223633,99.03099822998047,159.31199645996094,6.765699863433838,15.739999771118164,26875.951171875
2026-05-29 14:45:00+00:00,1504.22998046875,72628.5234375,88.80999755859375,4570.7001953125,35.01499938964844,98.98600006103516,159.2969970703125,6.765699863433838,15.680000305175781,26889.81640625
2026-05-29 14:50:00+00:00,1502.8800048828125,72810.0,88.06999969482422,4588.0,35.060001373291016,98.87899780273438,159.1959991455078,6.765699863433838,15.609999656677246,26926.265625
2026-05-29 14:55:00+00:00,1504.0799560546875,72964.1484375,87.95999908447266,4595.2001953125,35.11000061035156,98.85199737548828,159.18699645996094,6.765699863433838,15.59000015258789,26937.181640625
2026-05-29 15:00:00+00:00,1503.3800048828125,73188.6796875,87.41000366210938,4609.5,35.03499984741211,98.84600067138672,159.17799377441406,6.765699863433838,15.619999885559082,26953.978515625
2026-05-29 15:05:00+00:00,1502.780029296875,73552.0,86.80000305175781,4619.60009765625,35.06869888305664,98.81999969482422,159.10899353027344,6.765699863433838,15.550000190734863,26979.3515625
2026-05-29 15:10:00+00:00,1502.8800048828125,73585.40625,86.51000213623047,4621.5,35.1349983215332,98.80500030517578,159.1439971923828,6.765699863433838,15.510000228881836,27012.904296875
2026-05-29 15:15:00+00:00,1503.4100341796875,73527.6875,87.05999755859375,4620.10009765625,35.14500045776367,98.81600189208984,159.18499755859375,6.765699863433838,15.489999771118164,26986.68359375
2026-05-29 15:20:00+00:00,1502.5799560546875,73476.0078125,86.98999786376953,4616.2998046875,35.189998626708984,98.7959976196289,159.15499877929688,6.765699863433838,15.479999542236328,26984.330078125
2026-05-29 15:25:00+00:00,1503.0899658203125,73557.2890625,87.25,4610.0,35.16999816894531,98.81500244140625,159.1739959716797,6.765699863433838,15.40999984741211,26989.72265625
2026-05-29 18:10:00+00:00,1505.510009765625,73924.0,87.29000091552734,4589.2001953125,34.95500183105469,98.91200256347656,159.25900268554688,6.765699863433838,15.420000076293945,26939.0625
2026-05-29 18:15:00+00:00,1504.4000244140625,73792.96875,87.27999877929688,4589.7998046875,35.01499938964844,98.9020004272461,159.2689971923828,6.765699863433838,15.380000114440918,26952.728515625
2026-05-29 18:20:00+00:00,1505.5400390625,73737.9921875,87.1500015258789,4589.89990234375,35.0099983215332,98.91799926757812,159.29100036621094,6.765699863433838,15.34000015258789,26963.94921875
2026-05-29 18:25:00+00:00,1505.4200439453125,73673.6484375,87.41999816894531,4590.2998046875,34.9900016784668,98.90899658203125,159.26800537109375,6.766200065612793,15.3100004196167,26975.271484375
2026-05-29 18:30:00+00:00,1505.4300537109375,73726.4609375,87.2300033569336,4591.60009765625,35.0099983215332,98.88300323486328,159.24000549316406,6.766200065612793,15.239999771118164,26987.13671875
2026-05-29 18:35:00+00:00,1504.8399658203125,73726.4921875,87.16999816894531,4590.89990234375,34.97999954223633,98.87300109863281,159.22999572753906,6.766200065612793,15.25,26969.244140625
2026-05-29 18:40:00+00:00,1505.6500244140625,73679.96875,87.18000030517578,4589.10009765625,34.95000076293945,98.89800262451172,159.2429962158203,6.766200065612793,15.270000457763672,26974.8203125
2026-05-29 19:40:00+00:00,1504.27001953125,73580.34375,88.06999969482422,4582.7001953125,34.75,98.87100219726562,159.2550048828125,6.765699863433838,15.40999984741211,27010.28515625
2026-05-29 19:45:00+00:00,1506.6400146484375,73562.96875,88.05999755859375,4580.0,34.779998779296875,98.87699890136719,159.2530059814453,6.765699863433838,15.350000381469727,27008.43359375
2026-05-29 19:50:00+00:00,1506.97998046875,73489.640625,88.0,4577.7998046875,34.78219985961914,98.88700103759766,159.24400329589844,6.765699863433838,15.34000015258789,26986.5234375
2026-05-29 19:55:00+00:00,1508.0400390625,73433.1328125,88.08000183105469,4576.7998046875,34.95500183105469,98.89299774169922,159.24899291992188,6.765699863433838,15.329999923706055,26976.353515625
2026-06-01 15:05:00+00:00,1511.760009765625,71443.96875,94.18000030517578,4492.39990234375,34.32500076293945,99.3030014038086,159.6739959716797,6.764500141143799,16.09000015258789,26989.296875
2026-06-01 15:10:00+00:00,1511.1800537109375,71378.0234375,94.18000030517578,4494.10009765625,34.349998474121094,99.2979965209961,159.67100524902344,6.764500141143799,16.06999969482422,26992.86328125
2026-06-01 15:15:00+00:00,1511.530029296875,71167.1328125,93.9800033569336,4495.10009765625,34.415000915527344,99.28500366210938,159.64599609375,6.764500141143799,16.079999923706055,27001.6640625
2026-06-01 15:20:00+00:00,1511.0999755859375,71046.5703125,94.0199966430664,4496.89990234375,34.415000915527344,99.2750015258789,159.6490020751953,6.764500141143799,16.030000686645508,27014.259765625
2026-06-01 16:20:00+00:00,1514.4200439453125,70804.4765625,94.26000213623047,4498.2998046875,34.415000915527344,99.27300262451172,159.69000244140625,6.764500141143799,16.049999237060547,27037.42578125
2026-06-01 16:25:00+00:00,1514.3299560546875,70959.796875,94.16999816894531,4498.10009765625,34.470001220703125,99.25900268554688,159.68299865722656,6.764500141143799,16.030000686645508,27042.609375
2026-06-01 16:30:00+00:00,1514.2099609375,71070.9765625,94.20999908447266,4499.5,34.5,99.25199890136719,159.66400146484375,6.764500141143799,15.970000267028809,27060.6484375
2026-06-01 16:35:00+00:00,1513.8499755859375,71086.1328125,94.37999725341797,4499.2001953125,34.529998779296875,99.24600219726562,159.6540069580078,6.764500141143799,15.960000038146973,27059.646484375
2026-06-01 16:40:00+00:00,1514.3399658203125,71222.90625,94.22000122070312,4498.2001953125,34.53300094604492,99.26000213623047,159.66400146484375,6.764500141143799,15.979999542236328,27052.505859375
2026-06-01 17:40:00+00:00,1512.800048828125,71614.0078125,91.5,4521.2998046875,34.939998626708984,99.14900207519531,159.61700439453125,6.764500141143799,15.829999923706055,27157.69921875
2026-06-01 17:45:00+00:00,1512.9000244140625,71645.2578125,91.75,4521.39990234375,34.904998779296875,99.15499877929688,159.6219940185547,6.764500141143799,15.8100004196167,27171.830078125
2026-06-01 17:50:00+00:00,1512.989990234375,71621.171875,91.5,4521.2998046875,34.915000915527344,99.15599822998047,159.63800048828125,6.764500141143799,15.75,27185.50390625
2026-06-01 17:55:00+00:00,1512.9000244140625,71549.953125,91.79000091552734,4517.5,34.875,99.15399932861328,159.6280059814453,6.764500141143799,15.729999542236328,27167.728515625
2026-06-01 18:00:00+00:00,1512.9100341796875,71497.9609375,91.91999816894531,4516.7998046875,34.845001220703125,99.16699981689453,159.64300537109375,6.764500141143799,15.75,27166.958984375
2026-06-01 18:05:00+00:00,1512.9599609375,71484.4921875,91.44999694824219,4519.60009765625,34.880001068115234,99.15299987792969,159.61599731445312,6.764500141143799,15.770000457763672,27161.146484375
2026-06-01 18:10:00+00:00,1512.8800048828125,71381.8984375,91.91000366210938,4518.5,34.869998931884766,99.16200256347656,159.6280059814453,6.764500141143799,15.779999732971191,27138.70703125
2026-06-01 18:15:00+00:00,1513.22998046875,71303.0625,91.9000015258789,4519.2001953125,34.834999084472656,99.15899658203125,159.6269989013672,6.764500141143799,15.760000228881836,27160.72265625
2026-06-01 18:40:00+00:00,1512.949951171875,71409.9921875,92.36000061035156,4518.0,34.814998626708984,99.16600036621094,159.6479949951172,6.764500141143799,15.729999542236328,27167.01171875
2026-06-01 18:45:00+00:00,1512.9200439453125,71333.9921875,92.44999694824219,4518.7998046875,34.79499816894531,99.1760025024414,159.6739959716797,6.764500141143799,15.75,27151.91796875
2026-06-01 18:50:00+00:00,1512.9599609375,71452.2265625,92.5999984741211,4517.0,34.81999969482422,99.18499755859375,159.70599365234375,6.764500141143799,15.75,27151.04296875
2026-06-01 18:55:00+00:00,1513.0899658203125,71397.953125,92.5199966430664,4516.7998046875,34.810001373291016,99.20099639892578,159.76400756835938,6.764500141143799,15.710000038146973,27153.65625
2026-06-01 19:05:00+00:00,1513.0899658203125,71349.96875,92.43000030517578,4515.0,34.79999923706055,99.19200134277344,159.68499755859375,6.764500141143799,15.779999732971191,27167.416015625
2026-06-01 19:10:00+00:00,1513.02001953125,71337.34375,92.30000305175781,4515.10009765625,34.78499984741211,99.19300079345703,159.6909942626953,6.764999866485596,15.800000190734863,27163.251953125
2026-06-01 19:15:00+00:00,1513.27001953125,71322.03125,92.2300033569336,4515.89990234375,34.779998779296875,99.18399810791016,159.6739959716797,6.764500141143799,15.8100004196167,27154.388671875
2026-06-01 19:20:00+00:00,1513.1199951171875,71366.1796875,92.1500015258789,4515.7998046875,34.814998626708984,99.17900085449219,159.67100524902344,6.764500141143799,15.819999694824219,27155.935546875
2026-06-01 19:25:00+00:00,1513.06005859375,71521.2578125,92.20999908447266,4514.7001953125,34.83000183105469,99.18800354003906,159.67100524902344,6.764500141143799,15.84000015258789,27154.849609375
2026-06-01 19:30:00+00:00,1513.1800537109375,71543.8984375,92.25,4513.60009765625,34.8650016784668,99.17900085449219,159.66000366210938,6.764500141143799,15.920000076293945,27126.23046875
2026-06-01 19:40:00+00:00,1513.300048828125,71545.3515625,92.5,4513.10009765625,34.8650016784668,99.18900299072266,159.6719970703125,6.764500141143799,15.979999542236328,27120.77734375
2026-06-01 19:45:00+00:00,1513.3900146484375,71419.4375,92.45999908447266,4513.7001953125,34.900001525878906,99.18499755859375,159.67599487304688,6.764500141143799,16.020000457763672,27097.55859375
2026-06-01 19:50:00+00:00,1513.4000244140625,71431.578125,92.48999786376953,4510.2001953125,34.90999984741211,99.22200012207031,159.70899963378906,6.764500141143799,16.030000686645508,27087.255859375
2026-06-01 19:55:00+00:00,1512.989990234375,71481.9921875,92.44000244140625,4511.10009765625,35.0099983215332,99.19000244140625,159.6929931640625,6.764500141143799,16.0,27083.673828125
2026-06-01 20:00:00+00:00,1513.0999755859375,71433.75,92.37000274658203,4513.0,35.0099983215332,99.17500305175781,159.66200256347656,6.764500141143799,16.010000228881836,27083.673828125
2026-06-02 13:30:00+00:00,1517.6300048828125,68855.2109375,92.36000061035156,4537.60009765625,35.36000061035156,99.10900115966797,159.7899932861328,6.76140022277832,16.149999618530273,27012.890625
2026-06-02 13:35:00+00:00,1516.3399658203125,68764.1796875,92.06999969482422,4540.10009765625,35.38999938964844,99.08999633789062,159.78900146484375,6.76140022277832,16.170000076293945,26970.06640625
2026-06-02 13:40:00+00:00,1515.6099853515625,68763.4609375,92.23999786376953,4538.0,35.35499954223633,99.11399841308594,159.80099487304688,6.76170015335083,16.149999618530273,26990.9296875
2026-06-02 13:45:00+00:00,1516.0799560546875,68768.640625,92.2300033569336,4539.2001953125,35.3650016784668,99.12999725341797,159.79299926757812,6.7617998123168945,16.079999923706055,27053.92578125
2026-06-02 13:50:00+00:00,1516.280029296875,68659.109375,92.19999694824219,4533.89990234375,35.36000061035156,99.1520004272461,159.81500244140625,6.7617998123168945,16.110000610351562,27065.54296875
2026-06-02 13:55:00+00:00,1516.18994140625,68668.3828125,92.27999877929688,4532.10009765625,35.349998474121094,99.12200164794922,159.7740020751953,6.761899948120117,16.06999969482422,27092.095703125
2026-06-02 14:00:00+00:00,1516.0799560546875,68495.8203125,92.25,4531.7998046875,35.290000915527344,99.15499877929688,159.85000610351562,6.761899948120117,16.020000457763672,27093.068359375
2026-06-02 14:05:00+00:00,1515.6199951171875,68342.71875,92.30000305175781,4532.39990234375,35.29499816894531,99.15299987792969,159.8470001220703,6.761899948120117,16.049999237060547,27108.390625
2026-06-02 14:10:00+00:00,1515.47998046875,68445.84375,92.02999877929688,4533.5,35.314998626708984,99.14299774169922,159.83700561523438,6.761499881744385,15.989999771118164,27120.654296875
2026-06-02 14:15:00+00:00,1516.280029296875,68189.9609375,91.9800033569336,4525.60009765625,35.32500076293945,99.16000366210938,159.85299682617188,6.761499881744385,16.0,27133.0
2026-06-02 14:20:00+00:00,1516.93994140625,67895.53125,92.36000061035156,4522.5,35.314998626708984,99.177001953125,159.86199951171875,6.761499881744385,16.040000915527344,27097.587890625
2026-06-02 14:25:00+00:00,1517.2099609375,67749.0078125,92.1500015258789,4524.89990234375,35.310001373291016,99.16000366210938,159.86399841308594,6.761600017547607,16.110000610351562,27084.46875
2026-06-02 14:30:00+00:00,1516.77001953125,67910.1796875,91.91000366210938,4528.89990234375,35.31999969482422,99.13099670410156,159.85000610351562,6.761499881744385,16.049999237060547,27111.861328125
2026-06-02 14:35:00+00:00,1516.6800537109375,67928.828125,91.81999969482422,4532.2001953125,35.33000183105469,99.11199951171875,159.822998046875,6.761499881744385,16.059999465942383,27114.458984375
2026-06-02 14:40:00+00:00,1516.489990234375,67869.390625,91.88999938964844,4533.7001953125,35.34000015258789,99.0989990234375,159.8249969482422,6.761499881744385,16.049999237060547,27121.578125
2026-06-02 14:45:00+00:00,1516.6800537109375,68088.6484375,92.02999877929688,4533.10009765625,35.310001373291016,99.10600280761719,159.83799743652344,6.761099815368652,16.040000915527344,27123.380859375
2026-06-02 14:50:00+00:00,1516.489990234375,67952.0390625,91.95999908447266,4533.89990234375,35.334999084472656,99.125,159.84800720214844,6.761099815368652,16.030000686645508,27140.037109375
2026-06-02 14:55:00+00:00,1516.469970703125,67870.390625,91.91999816894531,4533.7001953125,35.275001525878906,99.12699890136719,159.85899353027344,6.761099815368652,16.010000228881836,27144.724609375
2026-06-02 15:00:00+00:00,1516.780029296875,67787.03125,91.80999755859375,4532.39990234375,35.28499984741211,99.13899993896484,159.86500549316406,6.76140022277832,16.06999969482422,27128.302734375
2026-06-02 15:05:00+00:00,1516.3599853515625,67849.140625,91.54000091552734,4536.10009765625,35.29999923706055,99.12300109863281,159.86099243164062,6.761600017547607,16.0,27149.359375
2026-06-02 15:10:00+00:00,1516.6700439453125,67709.9296875,91.7699966430664,4533.0,35.28499984741211,99.13099670410156,159.87899780273438,6.761600017547607,15.989999771118164,27152.326171875
2026-06-02 15:15:00+00:00,1516.530029296875,67540.890625,91.58999633789062,4533.89990234375,35.310001373291016,99.125,159.8730010986328,6.761600017547607,15.979999542236328,27162.138671875
2026-06-02 15:20:00+00:00,1516.3199462890625,67454.96875,91.62000274658203,4533.5,35.33000183105469,99.10900115966797,159.86199951171875,6.761199951171875,16.030000686645508,27168.0625
2026-06-02 15:25:00+00:00,1516.8800048828125,67336.1796875,91.80000305175781,4534.89990234375,35.314998626708984,99.15899658203125,159.88600158691406,6.761300086975098,16.010000228881836,27153.818359375
2026-06-02 15:30:00+00:00,1517.3900146484375,67115.21875,92.12000274658203,4535.7998046875,35.310001373291016,99.15499877929688,159.89100646972656,6.761300086975098,15.989999771118164,27146.876953125
2026-06-02 15:35:00+00:00,1516.0799560546875,67058.140625,92.12000274658203,4534.10009765625,35.33000183105469,99.14800262451172,159.8769989013672,6.761499881744385,16.0,27148.8515625
2026-06-02 15:40:00+00:00,1516.6500244140625,67132.546875,92.37999725341797,4531.7001953125,35.32500076293945,99.13899993896484,159.88600158691406,6.76170015335083,16.040000915527344,27138.61328125
2026-06-02 15:45:00+00:00,1517.1400146484375,67039.859375,92.55000305175781,4535.2001953125,35.3650016784668,99.12999725341797,159.88499450683594,6.76170015335083,16.020000457763672,27135.357421875
2026-06-02 15:50:00+00:00,1517.199951171875,67034.0078125,92.8499984741211,4533.2001953125,35.31999969482422,99.12999725341797,159.87899780273438,6.76170015335083,16.040000915527344,27140.12890625
2026-06-02 15:55:00+00:00,1516.949951171875,67169.296875,92.86000061035156,4531.7001953125,35.33000183105469,99.12999725341797,159.87399291992188,6.76170015335083,16.030000686645508,27142.48828125
2026-06-02 16:15:00+00:00,1518.1600341796875,67956.5625,93.1500015258789,4524.2998046875,35.18000030517578,99.17500305175781,159.89500427246094,6.76170015335083,16.020000457763672,27131.990234375
2026-06-02 16:20:00+00:00,1518.280029296875,67700.8515625,93.02999877929688,4524.0,35.224998474121094,99.1760025024414,159.88999938964844,6.76170015335083,16.010000228881836,27130.701171875
2026-06-02 16:25:00+00:00,1518.6800537109375,67721.6875,93.19000244140625,4519.7001953125,35.150001525878906,99.2040023803711,159.9199981689453,6.76170015335083,16.030000686645508,27124.662109375
2026-06-02 16:30:00+00:00,1518.6600341796875,67663.03125,93.31999969482422,4519.10009765625,35.10499954223633,99.20899963378906,159.93299865722656,6.76170015335083,16.020000457763672,27115.369140625
2026-06-02 16:35:00+00:00,1518.6500244140625,67489.40625,93.30000305175781,4517.2001953125,35.09000015258789,99.2239990234375,159.93600463867188,6.76170015335083,16.0,27106.134765625
2026-06-02 16:40:00+00:00,1518.550048828125,67492.921875,93.30999755859375,4519.10009765625,35.07500076293945,99.2249984741211,159.93699645996094,6.76170015335083,15.979999542236328,27105.365234375
2026-06-02 16:45:00+00:00,1518.43994140625,67626.84375,93.18000030517578,4520.5,35.130001068115234,99.22200012207031,159.9250030517578,6.76170015335083,15.949999809265137,27124.228515625
2026-06-02 17:45:00+00:00,1518.77001953125,67325.9609375,93.62000274658203,4515.39990234375,35.20000076293945,99.27300262451172,159.94700622558594,6.76170015335083,15.960000038146973,27095.869140625
2026-06-02 17:50:00+00:00,1519.2099609375,67318.25,93.86000061035156,4513.0,35.209999084472656,99.28299713134766,159.95799255371094,6.76170015335083,15.960000038146973,27088.724609375
2026-06-02 17:55:00+00:00,1518.5999755859375,67352.0,93.83999633789062,4514.0,35.25,99.27799987792969,159.95899963378906,6.76170015335083,15.970000267028809,27074.853515625
2026-06-02 18:00:00+00:00,1518.8599853515625,67397.90625,93.66999816894531,4515.60009765625,35.21500015258789,99.27799987792969,159.95899963378906,6.76170015335083,15.970000267028809,27069.953125
2026-06-02 18:05:00+00:00,1518.780029296875,67468.203125,93.44999694824219,4517.2001953125,35.224998474121094,99.2959976196289,159.968994140625,6.76170015335083,15.930000305175781,27087.890625
2026-06-02 18:40:00+00:00,1517.300048828125,67187.8671875,93.87000274658203,4509.89990234375,35.16999816894531,99.2490005493164,159.9290008544922,6.762199878692627,15.850000381469727,27050.986328125
2026-06-02 18:45:00+00:00,1517.1700439453125,67158.6328125,93.83000183105469,4516.0,35.21500015258789,99.21700286865234,159.8990020751953,6.762199878692627,15.819999694824219,27056.431640625
2026-06-02 18:50:00+00:00,1517.739990234375,67030.0,93.86000061035156,4517.0,35.224998474121094,99.21700286865234,159.906005859375,6.762199878692627,15.8100004196167,27053.55859375
2026-06-02 18:55:00+00:00,1517.739990234375,67217.15625,93.9000015258789,4516.89990234375,35.21500015258789,99.21900177001953,159.89999389648438,6.762199878692627,15.779999732971191,27059.365234375
